{
  "id": "0ebf4684-135b-4a2a-92fc-ba7c92bf441f",
  "backend_name": "ibm_kingston",
  "started_at": "2025-04-29T16:25:47.996Z",
  "activated_at": "2025-04-29T16:25:47.996Z",
  "closed_at": "2025-04-29T20:06:31.391Z",
  "last_job_started": "2025-04-29T20:02:38.541Z",
  "last_job_completed": "2025-04-29T20:03:21.251Z",
  "interactive_ttl": 60,
  "max_ttl": 28800,
  "active_ttl": 28800,
  "state": "closed",
  "state_reason": "session_canceled_by_user",
  "accepting_jobs": true,
  "mode": "dedicated",
  "user_id": "IBMid-6980004F83",
  "timestamps": [
    {
      "status": "open",
      "timestamp": "2025-04-29T16:25:18.383Z"
    },
    {
      "status": "active",
      "timestamp": "2025-04-29T16:25:47.996Z"
    },
    {
      "status": "inactive",
      "timestamp": "2025-04-29T20:04:28.369Z"
    },
    {
      "status": "closed",
      "timestamp": "2025-04-29T20:06:31.365483Z"
    }
  ],
  "elapsed_time": 26240.748
}