JobId,SessionId,Status,Reason,Created,Usage (seconds),Type,Compute resource,Instance,Tags
d08j0nmkt09s73d2b0o0,0ebf4684-135b-4a2a-92fc-ba7c92bf441f,Completed,,2025-04-29T20:02:38.426121Z,36,estimator,ibm_kingston,crn:v1:bluemix:public:quantum-computing:us-east:a/f84b32721d2f4ddfa35b85de7b1230a5:9852b119-18cc-4f58-ac25-2b008a7aeb2f::,
d08j0ct3cuts7390217g,0ebf4684-135b-4a2a-92fc-ba7c92bf441f,Completed,,2025-04-29T20:01:55.127003Z,36,estimator,ibm_kingston,crn:v1:bluemix:public:quantum-computing:us-east:a/f84b32721d2f4ddfa35b85de7b1230a5:9852b119-18cc-4f58-ac25-2b008a7aeb2f::,
d08j01tmaohc73eagjlg,0ebf4684-135b-4a2a-92fc-ba7c92bf441f,Completed,,2025-04-29T20:01:11.452067Z,36,estimator,ibm_kingston,crn:v1:bluemix:public:quantum-computing:us-east:a/f84b32721d2f4ddfa35b85de7b1230a5:9852b119-18cc-4f58-ac25-2b008a7aeb2f::,
d08ivmt3cuts739020jg,0ebf4684-135b-4a2a-92fc-ba7c92bf441f,Completed,,2025-04-29T20:00:27.510024Z,36,estimator,ibm_kingston,crn:v1:bluemix:public:quantum-computing:us-east:a/f84b32721d2f4ddfa35b85de7b1230a5:9852b119-18cc-4f58-ac25-2b008a7aeb2f::,
d08ivamkt09s73d2ave0,0ebf4684-135b-4a2a-92fc-ba7c92bf441f,Completed,,2025-04-29T19:59:38.868418Z,42,estimator,ibm_kingston,crn:v1:bluemix:public:quantum-computing:us-east:a/f84b32721d2f4ddfa35b85de7b1230a5:9852b119-18cc-4f58-ac25-2b008a7aeb2f::,
d08iuvt3cuts73901vs0,0ebf4684-135b-4a2a-92fc-ba7c92bf441f,Completed,,2025-04-29T19:58:55.209277Z,36,estimator,ibm_kingston,crn:v1:bluemix:public:quantum-computing:us-east:a/f84b32721d2f4ddfa35b85de7b1230a5:9852b119-18cc-4f58-ac25-2b008a7aeb2f::,
d08iukth8bbs73ef8700,0ebf4684-135b-4a2a-92fc-ba7c92bf441f,Completed,,2025-04-29T19:58:11.326013Z,36,estimator,ibm_kingston,crn:v1:bluemix:public:quantum-computing:us-east:a/f84b32721d2f4ddfa35b85de7b1230a5:9852b119-18cc-4f58-ac25-2b008a7aeb2f::,
d08iu9ukt09s73d2augg,0ebf4684-135b-4a2a-92fc-ba7c92bf441f,Completed,,2025-04-29T19:57:27.94529Z,37,estimator,ibm_kingston,crn:v1:bluemix:public:quantum-computing:us-east:a/f84b32721d2f4ddfa35b85de7b1230a5:9852b119-18cc-4f58-ac25-2b008a7aeb2f::,
d08ituukt09s73d2au4g,0ebf4684-135b-4a2a-92fc-ba7c92bf441f,Completed,,2025-04-29T19:56:43.836362Z,36,estimator,ibm_kingston,crn:v1:bluemix:public:quantum-computing:us-east:a/f84b32721d2f4ddfa35b85de7b1230a5:9852b119-18cc-4f58-ac25-2b008a7aeb2f::,
d08itk5maohc73eaghd0,0ebf4684-135b-4a2a-92fc-ba7c92bf441f,Completed,,2025-04-29T19:56:00.380379Z,36,estimator,ibm_kingston,crn:v1:bluemix:public:quantum-computing:us-east:a/f84b32721d2f4ddfa35b85de7b1230a5:9852b119-18cc-4f58-ac25-2b008a7aeb2f::,
d08it95maohc73eagh20,0ebf4684-135b-4a2a-92fc-ba7c92bf441f,Completed,,2025-04-29T19:55:16.748042Z,36,estimator,ibm_kingston,crn:v1:bluemix:public:quantum-computing:us-east:a/f84b32721d2f4ddfa35b85de7b1230a5:9852b119-18cc-4f58-ac25-2b008a7aeb2f::,
d08istmkt09s73d2at70,0ebf4684-135b-4a2a-92fc-ba7c92bf441f,Completed,,2025-04-29T19:54:30.151284Z,36,estimator,ibm_kingston,crn:v1:bluemix:public:quantum-computing:us-east:a/f84b32721d2f4ddfa35b85de7b1230a5:9852b119-18cc-4f58-ac25-2b008a7aeb2f::,
d08isht3cuts73901tig,0ebf4684-135b-4a2a-92fc-ba7c92bf441f,Completed,,2025-04-29T19:53:43.85849Z,36,estimator,ibm_kingston,crn:v1:bluemix:public:quantum-computing:us-east:a/f84b32721d2f4ddfa35b85de7b1230a5:9852b119-18cc-4f58-ac25-2b008a7aeb2f::,
d08is6t3cuts73901t60,0ebf4684-135b-4a2a-92fc-ba7c92bf441f,Completed,,2025-04-29T19:53:00.158051Z,37,estimator,ibm_kingston,crn:v1:bluemix:public:quantum-computing:us-east:a/f84b32721d2f4ddfa35b85de7b1230a5:9852b119-18cc-4f58-ac25-2b008a7aeb2f::,
d08irs5h8bbs73ef84d0,0ebf4684-135b-4a2a-92fc-ba7c92bf441f,Completed,,2025-04-29T19:52:16.633137Z,36,estimator,ibm_kingston,crn:v1:bluemix:public:quantum-computing:us-east:a/f84b32721d2f4ddfa35b85de7b1230a5:9852b119-18cc-4f58-ac25-2b008a7aeb2f::,
d08irh6kt09s73d2arrg,0ebf4684-135b-4a2a-92fc-ba7c92bf441f,Completed,,2025-04-29T19:51:32.670802Z,36,estimator,ibm_kingston,crn:v1:bluemix:public:quantum-computing:us-east:a/f84b32721d2f4ddfa35b85de7b1230a5:9852b119-18cc-4f58-ac25-2b008a7aeb2f::,
d08ir6ekt09s73d2arh0,0ebf4684-135b-4a2a-92fc-ba7c92bf441f,Completed,,2025-04-29T19:50:49.301257Z,37,estimator,ibm_kingston,crn:v1:bluemix:public:quantum-computing:us-east:a/f84b32721d2f4ddfa35b85de7b1230a5:9852b119-18cc-4f58-ac25-2b008a7aeb2f::,
d08iqr6kt09s73d2ar5g,0ebf4684-135b-4a2a-92fc-ba7c92bf441f,Completed,,2025-04-29T19:50:04.878523Z,37,estimator,ibm_kingston,crn:v1:bluemix:public:quantum-computing:us-east:a/f84b32721d2f4ddfa35b85de7b1230a5:9852b119-18cc-4f58-ac25-2b008a7aeb2f::,
d08iqg5maohc73eagebg,0ebf4684-135b-4a2a-92fc-ba7c92bf441f,Completed,,2025-04-29T19:49:20.841296Z,37,estimator,ibm_kingston,crn:v1:bluemix:public:quantum-computing:us-east:a/f84b32721d2f4ddfa35b85de7b1230a5:9852b119-18cc-4f58-ac25-2b008a7aeb2f::,
d08iq56kt09s73d2aqgg,0ebf4684-135b-4a2a-92fc-ba7c92bf441f,Completed,,2025-04-29T19:48:36.80667Z,36,estimator,ibm_kingston,crn:v1:bluemix:public:quantum-computing:us-east:a/f84b32721d2f4ddfa35b85de7b1230a5:9852b119-18cc-4f58-ac25-2b008a7aeb2f::,
d08ipq5h8bbs73ef82h0,0ebf4684-135b-4a2a-92fc-ba7c92bf441f,Completed,,2025-04-29T19:47:52.795934Z,37,estimator,ibm_kingston,crn:v1:bluemix:public:quantum-computing:us-east:a/f84b32721d2f4ddfa35b85de7b1230a5:9852b119-18cc-4f58-ac25-2b008a7aeb2f::,
d08ipfdh8bbs73ef8250,0ebf4684-135b-4a2a-92fc-ba7c92bf441f,Completed,,2025-04-29T19:47:09.19804Z,36,estimator,ibm_kingston,crn:v1:bluemix:public:quantum-computing:us-east:a/f84b32721d2f4ddfa35b85de7b1230a5:9852b119-18cc-4f58-ac25-2b008a7aeb2f::,
d08ip4ekt09s73d2apfg,0ebf4684-135b-4a2a-92fc-ba7c92bf441f,Completed,,2025-04-29T19:46:25.713037Z,36,estimator,ibm_kingston,crn:v1:bluemix:public:quantum-computing:us-east:a/f84b32721d2f4ddfa35b85de7b1230a5:9852b119-18cc-4f58-ac25-2b008a7aeb2f::,
d08ioplmaohc73eagcn0,0ebf4684-135b-4a2a-92fc-ba7c92bf441f,Completed,,2025-04-29T19:45:42.122777Z,36,estimator,ibm_kingston,crn:v1:bluemix:public:quantum-computing:us-east:a/f84b32721d2f4ddfa35b85de7b1230a5:9852b119-18cc-4f58-ac25-2b008a7aeb2f::,
d08ioel3cuts73901pjg,0ebf4684-135b-4a2a-92fc-ba7c92bf441f,Completed,,2025-04-29T19:44:58.653628Z,36,estimator,ibm_kingston,crn:v1:bluemix:public:quantum-computing:us-east:a/f84b32721d2f4ddfa35b85de7b1230a5:9852b119-18cc-4f58-ac25-2b008a7aeb2f::,
d08io3tmaohc73eagc20,0ebf4684-135b-4a2a-92fc-ba7c92bf441f,Completed,,2025-04-29T19:44:15.135756Z,37,estimator,ibm_kingston,crn:v1:bluemix:public:quantum-computing:us-east:a/f84b32721d2f4ddfa35b85de7b1230a5:9852b119-18cc-4f58-ac25-2b008a7aeb2f::,
d08inotmaohc73eagbng,0ebf4684-135b-4a2a-92fc-ba7c92bf441f,Completed,,2025-04-29T19:43:31.84795Z,36,estimator,ibm_kingston,crn:v1:bluemix:public:quantum-computing:us-east:a/f84b32721d2f4ddfa35b85de7b1230a5:9852b119-18cc-4f58-ac25-2b008a7aeb2f::,
d08ine5h8bbs73ef805g,0ebf4684-135b-4a2a-92fc-ba7c92bf441f,Completed,,2025-04-29T19:42:48.418563Z,36,estimator,ibm_kingston,crn:v1:bluemix:public:quantum-computing:us-east:a/f84b32721d2f4ddfa35b85de7b1230a5:9852b119-18cc-4f58-ac25-2b008a7aeb2f::,
d08in35h8bbs73ef7vrg,0ebf4684-135b-4a2a-92fc-ba7c92bf441f,Completed,,2025-04-29T19:42:04.889251Z,36,estimator,ibm_kingston,crn:v1:bluemix:public:quantum-computing:us-east:a/f84b32721d2f4ddfa35b85de7b1230a5:9852b119-18cc-4f58-ac25-2b008a7aeb2f::,
d08immukt09s73d2an70,0ebf4684-135b-4a2a-92fc-ba7c92bf441f,Completed,,2025-04-29T19:41:15.92056Z,42,estimator,ibm_kingston,crn:v1:bluemix:public:quantum-computing:us-east:a/f84b32721d2f4ddfa35b85de7b1230a5:9852b119-18cc-4f58-ac25-2b008a7aeb2f::,
d08imbt3cuts73901nig,0ebf4684-135b-4a2a-92fc-ba7c92bf441f,Completed,,2025-04-29T19:40:32.426872Z,36,estimator,ibm_kingston,crn:v1:bluemix:public:quantum-computing:us-east:a/f84b32721d2f4ddfa35b85de7b1230a5:9852b119-18cc-4f58-ac25-2b008a7aeb2f::,
d08im15h8bbs73ef7upg,0ebf4684-135b-4a2a-92fc-ba7c92bf441f,Completed,,2025-04-29T19:39:48.519576Z,37,estimator,ibm_kingston,crn:v1:bluemix:public:quantum-computing:us-east:a/f84b32721d2f4ddfa35b85de7b1230a5:9852b119-18cc-4f58-ac25-2b008a7aeb2f::,
d08ilm53cuts73901mug,0ebf4684-135b-4a2a-92fc-ba7c92bf441f,Completed,,2025-04-29T19:39:04.965564Z,36,estimator,ibm_kingston,crn:v1:bluemix:public:quantum-computing:us-east:a/f84b32721d2f4ddfa35b85de7b1230a5:9852b119-18cc-4f58-ac25-2b008a7aeb2f::,
d08ilb5h8bbs73ef7u50,0ebf4684-135b-4a2a-92fc-ba7c92bf441f,Completed,,2025-04-29T19:38:20.72041Z,36,estimator,ibm_kingston,crn:v1:bluemix:public:quantum-computing:us-east:a/f84b32721d2f4ddfa35b85de7b1230a5:9852b119-18cc-4f58-ac25-2b008a7aeb2f::,
d08il0dmaohc73eag940,0ebf4684-135b-4a2a-92fc-ba7c92bf441f,Completed,,2025-04-29T19:37:37.09517Z,36,estimator,ibm_kingston,crn:v1:bluemix:public:quantum-computing:us-east:a/f84b32721d2f4ddfa35b85de7b1230a5:9852b119-18cc-4f58-ac25-2b008a7aeb2f::,
d08ikldmaohc73eag8i0,0ebf4684-135b-4a2a-92fc-ba7c92bf441f,Completed,,2025-04-29T19:36:53.596731Z,36,estimator,ibm_kingston,crn:v1:bluemix:public:quantum-computing:us-east:a/f84b32721d2f4ddfa35b85de7b1230a5:9852b119-18cc-4f58-ac25-2b008a7aeb2f::,
d08ikadh8bbs73ef7sr0,0ebf4684-135b-4a2a-92fc-ba7c92bf441f,Completed,,2025-04-29T19:36:09.933422Z,36,estimator,ibm_kingston,crn:v1:bluemix:public:quantum-computing:us-east:a/f84b32721d2f4ddfa35b85de7b1230a5:9852b119-18cc-4f58-ac25-2b008a7aeb2f::,
d08ijvdmaohc73eag7eg,0ebf4684-135b-4a2a-92fc-ba7c92bf441f,Completed,,2025-04-29T19:35:25.89116Z,36,estimator,ibm_kingston,crn:v1:bluemix:public:quantum-computing:us-east:a/f84b32721d2f4ddfa35b85de7b1230a5:9852b119-18cc-4f58-ac25-2b008a7aeb2f::,
d08ijklmaohc73eag70g,0ebf4684-135b-4a2a-92fc-ba7c92bf441f,Completed,,2025-04-29T19:34:42.681478Z,36,estimator,ibm_kingston,crn:v1:bluemix:public:quantum-computing:us-east:a/f84b32721d2f4ddfa35b85de7b1230a5:9852b119-18cc-4f58-ac25-2b008a7aeb2f::,
d08ij9lmaohc73eag6kg,0ebf4684-135b-4a2a-92fc-ba7c92bf441f,Completed,,2025-04-29T19:33:58.848845Z,36,estimator,ibm_kingston,crn:v1:bluemix:public:quantum-computing:us-east:a/f84b32721d2f4ddfa35b85de7b1230a5:9852b119-18cc-4f58-ac25-2b008a7aeb2f::,
d08iiulh8bbs73ef7rf0,0ebf4684-135b-4a2a-92fc-ba7c92bf441f,Completed,,2025-04-29T19:33:15.009813Z,36,estimator,ibm_kingston,crn:v1:bluemix:public:quantum-computing:us-east:a/f84b32721d2f4ddfa35b85de7b1230a5:9852b119-18cc-4f58-ac25-2b008a7aeb2f::,
d08iijlmaohc73eag61g,0ebf4684-135b-4a2a-92fc-ba7c92bf441f,Completed,,2025-04-29T19:32:30.953074Z,36,estimator,ibm_kingston,crn:v1:bluemix:public:quantum-computing:us-east:a/f84b32721d2f4ddfa35b85de7b1230a5:9852b119-18cc-4f58-ac25-2b008a7aeb2f::,
d08ii8t3cuts73901jc0,0ebf4684-135b-4a2a-92fc-ba7c92bf441f,Completed,,2025-04-29T19:31:47.187834Z,36,estimator,ibm_kingston,crn:v1:bluemix:public:quantum-computing:us-east:a/f84b32721d2f4ddfa35b85de7b1230a5:9852b119-18cc-4f58-ac25-2b008a7aeb2f::,
d08ihtth8bbs73ef7qeg,0ebf4684-135b-4a2a-92fc-ba7c92bf441f,Completed,,2025-04-29T19:31:03.6631Z,36,estimator,ibm_kingston,crn:v1:bluemix:public:quantum-computing:us-east:a/f84b32721d2f4ddfa35b85de7b1230a5:9852b119-18cc-4f58-ac25-2b008a7aeb2f::,
d08ihit3cuts73901ilg,0ebf4684-135b-4a2a-92fc-ba7c92bf441f,Completed,,2025-04-29T19:30:19.385492Z,37,estimator,ibm_kingston,crn:v1:bluemix:public:quantum-computing:us-east:a/f84b32721d2f4ddfa35b85de7b1230a5:9852b119-18cc-4f58-ac25-2b008a7aeb2f::,
d08ih7mkt09s73d2ahb0,0ebf4684-135b-4a2a-92fc-ba7c92bf441f,Completed,,2025-04-29T19:29:34.926904Z,37,estimator,ibm_kingston,crn:v1:bluemix:public:quantum-computing:us-east:a/f84b32721d2f4ddfa35b85de7b1230a5:9852b119-18cc-4f58-ac25-2b008a7aeb2f::,
d08igsth8bbs73ef7pcg,0ebf4684-135b-4a2a-92fc-ba7c92bf441f,Completed,,2025-04-29T19:28:51.260477Z,37,estimator,ibm_kingston,crn:v1:bluemix:public:quantum-computing:us-east:a/f84b32721d2f4ddfa35b85de7b1230a5:9852b119-18cc-4f58-ac25-2b008a7aeb2f::,
d08ighlh8bbs73ef7ovg,0ebf4684-135b-4a2a-92fc-ba7c92bf441f,Completed,,2025-04-29T19:28:06.866376Z,36,estimator,ibm_kingston,crn:v1:bluemix:public:quantum-computing:us-east:a/f84b32721d2f4ddfa35b85de7b1230a5:9852b119-18cc-4f58-ac25-2b008a7aeb2f::,
d08ig6lh8bbs73ef7om0,0ebf4684-135b-4a2a-92fc-ba7c92bf441f,Completed,,2025-04-29T19:27:22.671294Z,36,estimator,ibm_kingston,crn:v1:bluemix:public:quantum-computing:us-east:a/f84b32721d2f4ddfa35b85de7b1230a5:9852b119-18cc-4f58-ac25-2b008a7aeb2f::,
d08ifrlmaohc73eag390,0ebf4684-135b-4a2a-92fc-ba7c92bf441f,Completed,,2025-04-29T19:26:39.021551Z,37,estimator,ibm_kingston,crn:v1:bluemix:public:quantum-computing:us-east:a/f84b32721d2f4ddfa35b85de7b1230a5:9852b119-18cc-4f58-ac25-2b008a7aeb2f::,
d08ifgtmaohc73eag2u0,0ebf4684-135b-4a2a-92fc-ba7c92bf441f,Completed,,2025-04-29T19:25:55.269351Z,36,estimator,ibm_kingston,crn:v1:bluemix:public:quantum-computing:us-east:a/f84b32721d2f4ddfa35b85de7b1230a5:9852b119-18cc-4f58-ac25-2b008a7aeb2f::,
d08if5th8bbs73ef7nm0,0ebf4684-135b-4a2a-92fc-ba7c92bf441f,Completed,,2025-04-29T19:25:11.65687Z,37,estimator,ibm_kingston,crn:v1:bluemix:public:quantum-computing:us-east:a/f84b32721d2f4ddfa35b85de7b1230a5:9852b119-18cc-4f58-ac25-2b008a7aeb2f::,
d08ier6kt09s73d2aetg,0ebf4684-135b-4a2a-92fc-ba7c92bf441f,Completed,,2025-04-29T19:24:28.340533Z,36,estimator,ibm_kingston,crn:v1:bluemix:public:quantum-computing:us-east:a/f84b32721d2f4ddfa35b85de7b1230a5:9852b119-18cc-4f58-ac25-2b008a7aeb2f::,
d08iegdh8bbs73ef7mug,0ebf4684-135b-4a2a-92fc-ba7c92bf441f,Completed,,2025-04-29T19:23:45.081779Z,36,estimator,ibm_kingston,crn:v1:bluemix:public:quantum-computing:us-east:a/f84b32721d2f4ddfa35b85de7b1230a5:9852b119-18cc-4f58-ac25-2b008a7aeb2f::,
d08ie5d3cuts73901fag,0ebf4684-135b-4a2a-92fc-ba7c92bf441f,Completed,,2025-04-29T19:23:01.148499Z,37,estimator,ibm_kingston,crn:v1:bluemix:public:quantum-computing:us-east:a/f84b32721d2f4ddfa35b85de7b1230a5:9852b119-18cc-4f58-ac25-2b008a7aeb2f::,
d08idqdmaohc73eag1c0,0ebf4684-135b-4a2a-92fc-ba7c92bf441f,Completed,,2025-04-29T19:22:17.333429Z,36,estimator,ibm_kingston,crn:v1:bluemix:public:quantum-computing:us-east:a/f84b32721d2f4ddfa35b85de7b1230a5:9852b119-18cc-4f58-ac25-2b008a7aeb2f::,
d08idfd3cuts73901ekg,0ebf4684-135b-4a2a-92fc-ba7c92bf441f,Completed,,2025-04-29T19:21:33.632883Z,36,estimator,ibm_kingston,crn:v1:bluemix:public:quantum-computing:us-east:a/f84b32721d2f4ddfa35b85de7b1230a5:9852b119-18cc-4f58-ac25-2b008a7aeb2f::,
d08id4dmaohc73eag0o0,0ebf4684-135b-4a2a-92fc-ba7c92bf441f,Completed,,2025-04-29T19:20:49.998106Z,36,estimator,ibm_kingston,crn:v1:bluemix:public:quantum-computing:us-east:a/f84b32721d2f4ddfa35b85de7b1230a5:9852b119-18cc-4f58-ac25-2b008a7aeb2f::,
d08icolmaohc73eag0d0,0ebf4684-135b-4a2a-92fc-ba7c92bf441f,Completed,,2025-04-29T19:20:02.556791Z,36,estimator,ibm_kingston,crn:v1:bluemix:public:quantum-computing:us-east:a/f84b32721d2f4ddfa35b85de7b1230a5:9852b119-18cc-4f58-ac25-2b008a7aeb2f::,
d08icdmkt09s73d2aclg,0ebf4684-135b-4a2a-92fc-ba7c92bf441f,Completed,,2025-04-29T19:19:18.847632Z,36,estimator,ibm_kingston,crn:v1:bluemix:public:quantum-computing:us-east:a/f84b32721d2f4ddfa35b85de7b1230a5:9852b119-18cc-4f58-ac25-2b008a7aeb2f::,
d08ic2l3cuts73901d70,0ebf4684-135b-4a2a-92fc-ba7c92bf441f,Completed,,2025-04-29T19:18:34.147835Z,36,estimator,ibm_kingston,crn:v1:bluemix:public:quantum-computing:us-east:a/f84b32721d2f4ddfa35b85de7b1230a5:9852b119-18cc-4f58-ac25-2b008a7aeb2f::,
d08ibnmkt09s73d2abu0,0ebf4684-135b-4a2a-92fc-ba7c92bf441f,Completed,,2025-04-29T19:17:50.174263Z,37,estimator,ibm_kingston,crn:v1:bluemix:public:quantum-computing:us-east:a/f84b32721d2f4ddfa35b85de7b1230a5:9852b119-18cc-4f58-ac25-2b008a7aeb2f::,
d08ibclmaohc73eafv1g,0ebf4684-135b-4a2a-92fc-ba7c92bf441f,Completed,,2025-04-29T19:17:06.419391Z,37,estimator,ibm_kingston,crn:v1:bluemix:public:quantum-computing:us-east:a/f84b32721d2f4ddfa35b85de7b1230a5:9852b119-18cc-4f58-ac25-2b008a7aeb2f::,
d08ib1lmaohc73eafun0,0ebf4684-135b-4a2a-92fc-ba7c92bf441f,Completed,,2025-04-29T19:16:22.128573Z,37,estimator,ibm_kingston,crn:v1:bluemix:public:quantum-computing:us-east:a/f84b32721d2f4ddfa35b85de7b1230a5:9852b119-18cc-4f58-ac25-2b008a7aeb2f::,
d08iaml3cuts73901bsg,0ebf4684-135b-4a2a-92fc-ba7c92bf441f,Completed,,2025-04-29T19:15:38.827106Z,36,estimator,ibm_kingston,crn:v1:bluemix:public:quantum-computing:us-east:a/f84b32721d2f4ddfa35b85de7b1230a5:9852b119-18cc-4f58-ac25-2b008a7aeb2f::,
d08iabth8bbs73ef7iv0,0ebf4684-135b-4a2a-92fc-ba7c92bf441f,Completed,,2025-04-29T19:14:55.241813Z,36,estimator,ibm_kingston,crn:v1:bluemix:public:quantum-computing:us-east:a/f84b32721d2f4ddfa35b85de7b1230a5:9852b119-18cc-4f58-ac25-2b008a7aeb2f::,
d08ia0ukt09s73d2aa9g,0ebf4684-135b-4a2a-92fc-ba7c92bf441f,Completed,,2025-04-29T19:14:11.81044Z,36,estimator,ibm_kingston,crn:v1:bluemix:public:quantum-computing:us-east:a/f84b32721d2f4ddfa35b85de7b1230a5:9852b119-18cc-4f58-ac25-2b008a7aeb2f::,
d08i9m53cuts73901asg,0ebf4684-135b-4a2a-92fc-ba7c92bf441f,Completed,,2025-04-29T19:13:28.273059Z,36,estimator,ibm_kingston,crn:v1:bluemix:public:quantum-computing:us-east:a/f84b32721d2f4ddfa35b85de7b1230a5:9852b119-18cc-4f58-ac25-2b008a7aeb2f::,
d08i9b6kt09s73d2a9g0,0ebf4684-135b-4a2a-92fc-ba7c92bf441f,Completed,,2025-04-29T19:12:44.726794Z,36,estimator,ibm_kingston,crn:v1:bluemix:public:quantum-computing:us-east:a/f84b32721d2f4ddfa35b85de7b1230a5:9852b119-18cc-4f58-ac25-2b008a7aeb2f::,
d08i906kt09s73d2a94g,0ebf4684-135b-4a2a-92fc-ba7c92bf441f,Completed,,2025-04-29T19:12:00.737034Z,36,estimator,ibm_kingston,crn:v1:bluemix:public:quantum-computing:us-east:a/f84b32721d2f4ddfa35b85de7b1230a5:9852b119-18cc-4f58-ac25-2b008a7aeb2f::,
d08i8l53cuts739019pg,0ebf4684-135b-4a2a-92fc-ba7c92bf441f,Completed,,2025-04-29T19:11:16.594244Z,36,estimator,ibm_kingston,crn:v1:bluemix:public:quantum-computing:us-east:a/f84b32721d2f4ddfa35b85de7b1230a5:9852b119-18cc-4f58-ac25-2b008a7aeb2f::,
d08i88th8bbs73ef7gog,0ebf4684-135b-4a2a-92fc-ba7c92bf441f,Completed,,2025-04-29T19:10:28.014424Z,42,estimator,ibm_kingston,crn:v1:bluemix:public:quantum-computing:us-east:a/f84b32721d2f4ddfa35b85de7b1230a5:9852b119-18cc-4f58-ac25-2b008a7aeb2f::,
d08i7u5maohc73eafrp0,0ebf4684-135b-4a2a-92fc-ba7c92bf441f,Completed,,2025-04-29T19:09:44.302414Z,37,estimator,ibm_kingston,crn:v1:bluemix:public:quantum-computing:us-east:a/f84b32721d2f4ddfa35b85de7b1230a5:9852b119-18cc-4f58-ac25-2b008a7aeb2f::,
d08i7ith8bbs73ef7g30,0ebf4684-135b-4a2a-92fc-ba7c92bf441f,Completed,,2025-04-29T19:08:59.191759Z,36,estimator,ibm_kingston,crn:v1:bluemix:public:quantum-computing:us-east:a/f84b32721d2f4ddfa35b85de7b1230a5:9852b119-18cc-4f58-ac25-2b008a7aeb2f::,
d08i77tmaohc73eafr2g,0ebf4684-135b-4a2a-92fc-ba7c92bf441f,Completed,,2025-04-29T19:08:15.384469Z,36,estimator,ibm_kingston,crn:v1:bluemix:public:quantum-computing:us-east:a/f84b32721d2f4ddfa35b85de7b1230a5:9852b119-18cc-4f58-ac25-2b008a7aeb2f::,
d08i6smkt09s73d2a730,0ebf4684-135b-4a2a-92fc-ba7c92bf441f,Completed,,2025-04-29T19:07:30.901657Z,37,estimator,ibm_kingston,crn:v1:bluemix:public:quantum-computing:us-east:a/f84b32721d2f4ddfa35b85de7b1230a5:9852b119-18cc-4f58-ac25-2b008a7aeb2f::,
d08i6hmkt09s73d2a6n0,0ebf4684-135b-4a2a-92fc-ba7c92bf441f,Completed,,2025-04-29T19:06:46.863164Z,37,estimator,ibm_kingston,crn:v1:bluemix:public:quantum-computing:us-east:a/f84b32721d2f4ddfa35b85de7b1230a5:9852b119-18cc-4f58-ac25-2b008a7aeb2f::,
d08i66th8bbs73ef7eng,0ebf4684-135b-4a2a-92fc-ba7c92bf441f,Completed,,2025-04-29T19:06:03.539944Z,36,estimator,ibm_kingston,crn:v1:bluemix:public:quantum-computing:us-east:a/f84b32721d2f4ddfa35b85de7b1230a5:9852b119-18cc-4f58-ac25-2b008a7aeb2f::,
d08i5rt3cuts73901740,0ebf4684-135b-4a2a-92fc-ba7c92bf441f,Completed,,2025-04-29T19:05:19.863076Z,36,estimator,ibm_kingston,crn:v1:bluemix:public:quantum-computing:us-east:a/f84b32721d2f4ddfa35b85de7b1230a5:9852b119-18cc-4f58-ac25-2b008a7aeb2f::,
d08i5gt3cuts739016q0,0ebf4684-135b-4a2a-92fc-ba7c92bf441f,Completed,,2025-04-29T19:04:35.948298Z,37,estimator,ibm_kingston,crn:v1:bluemix:public:quantum-computing:us-east:a/f84b32721d2f4ddfa35b85de7b1230a5:9852b119-18cc-4f58-ac25-2b008a7aeb2f::,
d08i566kt09s73d2a5eg,0ebf4684-135b-4a2a-92fc-ba7c92bf441f,Completed,,2025-04-29T19:03:52.245148Z,36,estimator,ibm_kingston,crn:v1:bluemix:public:quantum-computing:us-east:a/f84b32721d2f4ddfa35b85de7b1230a5:9852b119-18cc-4f58-ac25-2b008a7aeb2f::,
d08i4r6kt09s73d2a54g,0ebf4684-135b-4a2a-92fc-ba7c92bf441f,Completed,,2025-04-29T19:03:08.319026Z,36,estimator,ibm_kingston,crn:v1:bluemix:public:quantum-computing:us-east:a/f84b32721d2f4ddfa35b85de7b1230a5:9852b119-18cc-4f58-ac25-2b008a7aeb2f::,
d08i4g53cuts739015rg,0ebf4684-135b-4a2a-92fc-ba7c92bf441f,Completed,,2025-04-29T19:02:24.477255Z,36,estimator,ibm_kingston,crn:v1:bluemix:public:quantum-computing:us-east:a/f84b32721d2f4ddfa35b85de7b1230a5:9852b119-18cc-4f58-ac25-2b008a7aeb2f::,
d08i455h8bbs73ef7co0,0ebf4684-135b-4a2a-92fc-ba7c92bf441f,Completed,,2025-04-29T19:01:40.649011Z,36,estimator,ibm_kingston,crn:v1:bluemix:public:quantum-computing:us-east:a/f84b32721d2f4ddfa35b85de7b1230a5:9852b119-18cc-4f58-ac25-2b008a7aeb2f::,
d08i3q5h8bbs73ef7ccg,0ebf4684-135b-4a2a-92fc-ba7c92bf441f,Completed,,2025-04-29T19:00:56.584306Z,36,estimator,ibm_kingston,crn:v1:bluemix:public:quantum-computing:us-east:a/f84b32721d2f4ddfa35b85de7b1230a5:9852b119-18cc-4f58-ac25-2b008a7aeb2f::,
d08i3f5maohc73eafnf0,0ebf4684-135b-4a2a-92fc-ba7c92bf441f,Completed,,2025-04-29T19:00:12.848152Z,37,estimator,ibm_kingston,crn:v1:bluemix:public:quantum-computing:us-east:a/f84b32721d2f4ddfa35b85de7b1230a5:9852b119-18cc-4f58-ac25-2b008a7aeb2f::,
d08i34ekt09s73d2a3c0,0ebf4684-135b-4a2a-92fc-ba7c92bf441f,Completed,,2025-04-29T18:59:29.140379Z,36,estimator,ibm_kingston,crn:v1:bluemix:public:quantum-computing:us-east:a/f84b32721d2f4ddfa35b85de7b1230a5:9852b119-18cc-4f58-ac25-2b008a7aeb2f::,
d08i2pekt09s73d2a31g,0ebf4684-135b-4a2a-92fc-ba7c92bf441f,Completed,,2025-04-29T18:58:45.649811Z,36,estimator,ibm_kingston,crn:v1:bluemix:public:quantum-computing:us-east:a/f84b32721d2f4ddfa35b85de7b1230a5:9852b119-18cc-4f58-ac25-2b008a7aeb2f::,
d08i2elmaohc73eafmf0,0ebf4684-135b-4a2a-92fc-ba7c92bf441f,Completed,,2025-04-29T18:58:02.168062Z,36,estimator,ibm_kingston,crn:v1:bluemix:public:quantum-computing:us-east:a/f84b32721d2f4ddfa35b85de7b1230a5:9852b119-18cc-4f58-ac25-2b008a7aeb2f::,
d08i23mkt09s73d2a2bg,0ebf4684-135b-4a2a-92fc-ba7c92bf441f,Completed,,2025-04-29T18:57:18.978794Z,36,estimator,ibm_kingston,crn:v1:bluemix:public:quantum-computing:us-east:a/f84b32721d2f4ddfa35b85de7b1230a5:9852b119-18cc-4f58-ac25-2b008a7aeb2f::,
d08i1olh8bbs73ef7ac0,0ebf4684-135b-4a2a-92fc-ba7c92bf441f,Completed,,2025-04-29T18:56:34.679263Z,37,estimator,ibm_kingston,crn:v1:bluemix:public:quantum-computing:us-east:a/f84b32721d2f4ddfa35b85de7b1230a5:9852b119-18cc-4f58-ac25-2b008a7aeb2f::,
d08i1dlh8bbs73ef79t0,0ebf4684-135b-4a2a-92fc-ba7c92bf441f,Completed,,2025-04-29T18:55:50.213041Z,36,estimator,ibm_kingston,crn:v1:bluemix:public:quantum-computing:us-east:a/f84b32721d2f4ddfa35b85de7b1230a5:9852b119-18cc-4f58-ac25-2b008a7aeb2f::,
d08i12mkt09s73d2a190,0ebf4684-135b-4a2a-92fc-ba7c92bf441f,Completed,,2025-04-29T18:55:06.047205Z,37,estimator,ibm_kingston,crn:v1:bluemix:public:quantum-computing:us-east:a/f84b32721d2f4ddfa35b85de7b1230a5:9852b119-18cc-4f58-ac25-2b008a7aeb2f::,
d08i0nlh8bbs73ef7990,0ebf4684-135b-4a2a-92fc-ba7c92bf441f,Completed,,2025-04-29T18:54:22.209078Z,37,estimator,ibm_kingston,crn:v1:bluemix:public:quantum-computing:us-east:a/f84b32721d2f4ddfa35b85de7b1230a5:9852b119-18cc-4f58-ac25-2b008a7aeb2f::,
d08i0cmkt09s73d2a0jg,0ebf4684-135b-4a2a-92fc-ba7c92bf441f,Completed,,2025-04-29T18:53:38.159488Z,36,estimator,ibm_kingston,crn:v1:bluemix:public:quantum-computing:us-east:a/f84b32721d2f4ddfa35b85de7b1230a5:9852b119-18cc-4f58-ac25-2b008a7aeb2f::,
d08i01mkt09s73d2a07g,0ebf4684-135b-4a2a-92fc-ba7c92bf441f,Completed,,2025-04-29T18:52:54.332272Z,36,estimator,ibm_kingston,crn:v1:bluemix:public:quantum-computing:us-east:a/f84b32721d2f4ddfa35b85de7b1230a5:9852b119-18cc-4f58-ac25-2b008a7aeb2f::,
d08hvml3cuts739010t0,0ebf4684-135b-4a2a-92fc-ba7c92bf441f,Completed,,2025-04-29T18:52:11.044204Z,36,estimator,ibm_kingston,crn:v1:bluemix:public:quantum-computing:us-east:a/f84b32721d2f4ddfa35b85de7b1230a5:9852b119-18cc-4f58-ac25-2b008a7aeb2f::,
d08hvbth8bbs73ef77og,0ebf4684-135b-4a2a-92fc-ba7c92bf441f,Completed,,2025-04-29T18:51:27.5354Z,36,estimator,ibm_kingston,crn:v1:bluemix:public:quantum-computing:us-east:a/f84b32721d2f4ddfa35b85de7b1230a5:9852b119-18cc-4f58-ac25-2b008a7aeb2f::,
d08hv0tmaohc73eafj50,0ebf4684-135b-4a2a-92fc-ba7c92bf441f,Completed,,2025-04-29T18:50:43.467054Z,37,estimator,ibm_kingston,crn:v1:bluemix:public:quantum-computing:us-east:a/f84b32721d2f4ddfa35b85de7b1230a5:9852b119-18cc-4f58-ac25-2b008a7aeb2f::,
d08hulukt09s73d29uo0,0ebf4684-135b-4a2a-92fc-ba7c92bf441f,Completed,,2025-04-29T18:49:59.742722Z,37,estimator,ibm_kingston,crn:v1:bluemix:public:quantum-computing:us-east:a/f84b32721d2f4ddfa35b85de7b1230a5:9852b119-18cc-4f58-ac25-2b008a7aeb2f::,
d08huatmaohc73eafifg,0ebf4684-135b-4a2a-92fc-ba7c92bf441f,Completed,,2025-04-29T18:49:15.790677Z,37,estimator,ibm_kingston,crn:v1:bluemix:public:quantum-computing:us-east:a/f84b32721d2f4ddfa35b85de7b1230a5:9852b119-18cc-4f58-ac25-2b008a7aeb2f::,
d08hu05maohc73eafi4g,0ebf4684-135b-4a2a-92fc-ba7c92bf441f,Completed,,2025-04-29T18:48:32.064644Z,37,estimator,ibm_kingston,crn:v1:bluemix:public:quantum-computing:us-east:a/f84b32721d2f4ddfa35b85de7b1230a5:9852b119-18cc-4f58-ac25-2b008a7aeb2f::,
d08htkth8bbs73ef75tg,0ebf4684-135b-4a2a-92fc-ba7c92bf441f,Completed,,2025-04-29T18:47:47.936891Z,36,estimator,ibm_kingston,crn:v1:bluemix:public:quantum-computing:us-east:a/f84b32721d2f4ddfa35b85de7b1230a5:9852b119-18cc-4f58-ac25-2b008a7aeb2f::,
d08hta5h8bbs73ef75j0,0ebf4684-135b-4a2a-92fc-ba7c92bf441f,Completed,,2025-04-29T18:47:04.400907Z,36,estimator,ibm_kingston,crn:v1:bluemix:public:quantum-computing:us-east:a/f84b32721d2f4ddfa35b85de7b1230a5:9852b119-18cc-4f58-ac25-2b008a7aeb2f::,
d08hsuukt09s73d29t0g,0ebf4684-135b-4a2a-92fc-ba7c92bf441f,Completed,,2025-04-29T18:46:19.937913Z,36,estimator,ibm_kingston,crn:v1:bluemix:public:quantum-computing:us-east:a/f84b32721d2f4ddfa35b85de7b1230a5:9852b119-18cc-4f58-ac25-2b008a7aeb2f::,
d08hsjt3cuts73900trg,0ebf4684-135b-4a2a-92fc-ba7c92bf441f,Completed,,2025-04-29T18:45:35.343787Z,36,estimator,ibm_kingston,crn:v1:bluemix:public:quantum-computing:us-east:a/f84b32721d2f4ddfa35b85de7b1230a5:9852b119-18cc-4f58-ac25-2b008a7aeb2f::,
d08hs8tmaohc73eafgd0,0ebf4684-135b-4a2a-92fc-ba7c92bf441f,Completed,,2025-04-29T18:44:51.893247Z,37,estimator,ibm_kingston,crn:v1:bluemix:public:quantum-computing:us-east:a/f84b32721d2f4ddfa35b85de7b1230a5:9852b119-18cc-4f58-ac25-2b008a7aeb2f::,
d08hru5h8bbs73ef7440,0ebf4684-135b-4a2a-92fc-ba7c92bf441f,Completed,,2025-04-29T18:44:08.612401Z,36,estimator,ibm_kingston,crn:v1:bluemix:public:quantum-computing:us-east:a/f84b32721d2f4ddfa35b85de7b1230a5:9852b119-18cc-4f58-ac25-2b008a7aeb2f::,
d08hrj5maohc73eaffmg,0ebf4684-135b-4a2a-92fc-ba7c92bf441f,Completed,,2025-04-29T18:43:24.803392Z,36,estimator,ibm_kingston,crn:v1:bluemix:public:quantum-computing:us-east:a/f84b32721d2f4ddfa35b85de7b1230a5:9852b119-18cc-4f58-ac25-2b008a7aeb2f::,
d08hr8dh8bbs73ef73e0,0ebf4684-135b-4a2a-92fc-ba7c92bf441f,Completed,,2025-04-29T18:42:41.211515Z,36,estimator,ibm_kingston,crn:v1:bluemix:public:quantum-computing:us-east:a/f84b32721d2f4ddfa35b85de7b1230a5:9852b119-18cc-4f58-ac25-2b008a7aeb2f::,
d08hqtdmaohc73eaff20,0ebf4684-135b-4a2a-92fc-ba7c92bf441f,Completed,,2025-04-29T18:41:57.607907Z,37,estimator,ibm_kingston,crn:v1:bluemix:public:quantum-computing:us-east:a/f84b32721d2f4ddfa35b85de7b1230a5:9852b119-18cc-4f58-ac25-2b008a7aeb2f::,
d08hqimkt09s73d29qj0,0ebf4684-135b-4a2a-92fc-ba7c92bf441f,Completed,,2025-04-29T18:41:14.126525Z,36,estimator,ibm_kingston,crn:v1:bluemix:public:quantum-computing:us-east:a/f84b32721d2f4ddfa35b85de7b1230a5:9852b119-18cc-4f58-ac25-2b008a7aeb2f::,
d08hq7lmaohc73eafeeg,0ebf4684-135b-4a2a-92fc-ba7c92bf441f,Completed,,2025-04-29T18:40:30.682587Z,36,estimator,ibm_kingston,crn:v1:bluemix:public:quantum-computing:us-east:a/f84b32721d2f4ddfa35b85de7b1230a5:9852b119-18cc-4f58-ac25-2b008a7aeb2f::,
d08hpsmkt09s73d29pu0,0ebf4684-135b-4a2a-92fc-ba7c92bf441f,Completed,,2025-04-29T18:39:47.008468Z,36,estimator,ibm_kingston,crn:v1:bluemix:public:quantum-computing:us-east:a/f84b32721d2f4ddfa35b85de7b1230a5:9852b119-18cc-4f58-ac25-2b008a7aeb2f::,
d08hphlh8bbs73ef71ng,0ebf4684-135b-4a2a-92fc-ba7c92bf441f,Completed,,2025-04-29T18:39:03.045721Z,36,estimator,ibm_kingston,crn:v1:bluemix:public:quantum-computing:us-east:a/f84b32721d2f4ddfa35b85de7b1230a5:9852b119-18cc-4f58-ac25-2b008a7aeb2f::,
d08hp6ukt09s73d29p5g,0ebf4684-135b-4a2a-92fc-ba7c92bf441f,Completed,,2025-04-29T18:38:19.355245Z,36,estimator,ibm_kingston,crn:v1:bluemix:public:quantum-computing:us-east:a/f84b32721d2f4ddfa35b85de7b1230a5:9852b119-18cc-4f58-ac25-2b008a7aeb2f::,
d08horukt09s73d29op0,0ebf4684-135b-4a2a-92fc-ba7c92bf441f,Completed,,2025-04-29T18:37:35.383446Z,37,estimator,ibm_kingston,crn:v1:bluemix:public:quantum-computing:us-east:a/f84b32721d2f4ddfa35b85de7b1230a5:9852b119-18cc-4f58-ac25-2b008a7aeb2f::,
d08hogtmaohc73eafcmg,0ebf4684-135b-4a2a-92fc-ba7c92bf441f,Completed,,2025-04-29T18:36:51.830721Z,36,estimator,ibm_kingston,crn:v1:bluemix:public:quantum-computing:us-east:a/f84b32721d2f4ddfa35b85de7b1230a5:9852b119-18cc-4f58-ac25-2b008a7aeb2f::,
d08ho65h8bbs73ef7050,0ebf4684-135b-4a2a-92fc-ba7c92bf441f,Completed,,2025-04-29T18:36:08.044783Z,37,estimator,ibm_kingston,crn:v1:bluemix:public:quantum-computing:us-east:a/f84b32721d2f4ddfa35b85de7b1230a5:9852b119-18cc-4f58-ac25-2b008a7aeb2f::,
d08hnr53cuts73900ot0,0ebf4684-135b-4a2a-92fc-ba7c92bf441f,Completed,,2025-04-29T18:35:24.841932Z,36,estimator,ibm_kingston,crn:v1:bluemix:public:quantum-computing:us-east:a/f84b32721d2f4ddfa35b85de7b1230a5:9852b119-18cc-4f58-ac25-2b008a7aeb2f::,
d08hngdh8bbs73ef6v3g,0ebf4684-135b-4a2a-92fc-ba7c92bf441f,Completed,,2025-04-29T18:34:41.21507Z,36,estimator,ibm_kingston,crn:v1:bluemix:public:quantum-computing:us-east:a/f84b32721d2f4ddfa35b85de7b1230a5:9852b119-18cc-4f58-ac25-2b008a7aeb2f::,
d08hn5dh8bbs73ef6ulg,0ebf4684-135b-4a2a-92fc-ba7c92bf441f,Completed,,2025-04-29T18:33:57.783681Z,36,estimator,ibm_kingston,crn:v1:bluemix:public:quantum-computing:us-east:a/f84b32721d2f4ddfa35b85de7b1230a5:9852b119-18cc-4f58-ac25-2b008a7aeb2f::,
d08hmql3cuts73900nig,0ebf4684-135b-4a2a-92fc-ba7c92bf441f,Completed,,2025-04-29T18:33:14.381081Z,36,estimator,ibm_kingston,crn:v1:bluemix:public:quantum-computing:us-east:a/f84b32721d2f4ddfa35b85de7b1230a5:9852b119-18cc-4f58-ac25-2b008a7aeb2f::,
d08hmfl3cuts73900n50,0ebf4684-135b-4a2a-92fc-ba7c92bf441f,Completed,,2025-04-29T18:32:30.690505Z,36,estimator,ibm_kingston,crn:v1:bluemix:public:quantum-computing:us-east:a/f84b32721d2f4ddfa35b85de7b1230a5:9852b119-18cc-4f58-ac25-2b008a7aeb2f::,
d08hm4t3cuts73900mn0,0ebf4684-135b-4a2a-92fc-ba7c92bf441f,Completed,,2025-04-29T18:31:47.14623Z,36,estimator,ibm_kingston,crn:v1:bluemix:public:quantum-computing:us-east:a/f84b32721d2f4ddfa35b85de7b1230a5:9852b119-18cc-4f58-ac25-2b008a7aeb2f::,
d08hlpt3cuts73900mb0,0ebf4684-135b-4a2a-92fc-ba7c92bf441f,Completed,,2025-04-29T18:31:03.191248Z,36,estimator,ibm_kingston,crn:v1:bluemix:public:quantum-computing:us-east:a/f84b32721d2f4ddfa35b85de7b1230a5:9852b119-18cc-4f58-ac25-2b008a7aeb2f::,
d08hletmaohc73eaf940,0ebf4684-135b-4a2a-92fc-ba7c92bf441f,Completed,,2025-04-29T18:30:19.161676Z,36,estimator,ibm_kingston,crn:v1:bluemix:public:quantum-computing:us-east:a/f84b32721d2f4ddfa35b85de7b1230a5:9852b119-18cc-4f58-ac25-2b008a7aeb2f::,
d08hl3tmaohc73eaf8mg,0ebf4684-135b-4a2a-92fc-ba7c92bf441f,Completed,,2025-04-29T18:29:35.844586Z,37,estimator,ibm_kingston,crn:v1:bluemix:public:quantum-computing:us-east:a/f84b32721d2f4ddfa35b85de7b1230a5:9852b119-18cc-4f58-ac25-2b008a7aeb2f::,
d08hkot3cuts73900l40,0ebf4684-135b-4a2a-92fc-ba7c92bf441f,Completed,,2025-04-29T18:28:51.788979Z,36,estimator,ibm_kingston,crn:v1:bluemix:public:quantum-computing:us-east:a/f84b32721d2f4ddfa35b85de7b1230a5:9852b119-18cc-4f58-ac25-2b008a7aeb2f::,
d08hkdt3cuts73900kn0,0ebf4684-135b-4a2a-92fc-ba7c92bf441f,Completed,,2025-04-29T18:28:07.709604Z,36,estimator,ibm_kingston,crn:v1:bluemix:public:quantum-computing:us-east:a/f84b32721d2f4ddfa35b85de7b1230a5:9852b119-18cc-4f58-ac25-2b008a7aeb2f::,
d08hk35h8bbs73ef6qu0,0ebf4684-135b-4a2a-92fc-ba7c92bf441f,Completed,,2025-04-29T18:27:24.095515Z,36,estimator,ibm_kingston,crn:v1:bluemix:public:quantum-computing:us-east:a/f84b32721d2f4ddfa35b85de7b1230a5:9852b119-18cc-4f58-ac25-2b008a7aeb2f::,
d08hjo5h8bbs73ef6qgg,0ebf4684-135b-4a2a-92fc-ba7c92bf441f,Completed,,2025-04-29T18:26:40.304435Z,37,estimator,ibm_kingston,crn:v1:bluemix:public:quantum-computing:us-east:a/f84b32721d2f4ddfa35b85de7b1230a5:9852b119-18cc-4f58-ac25-2b008a7aeb2f::,
d08hjd53cuts73900jjg,0ebf4684-135b-4a2a-92fc-ba7c92bf441f,Completed,,2025-04-29T18:25:56.619252Z,37,estimator,ibm_kingston,crn:v1:bluemix:public:quantum-computing:us-east:a/f84b32721d2f4ddfa35b85de7b1230a5:9852b119-18cc-4f58-ac25-2b008a7aeb2f::,
d08hj1lh8bbs73ef6png,0ebf4684-135b-4a2a-92fc-ba7c92bf441f,Completed,,2025-04-29T18:25:10.529605Z,39,estimator,ibm_kingston,crn:v1:bluemix:public:quantum-computing:us-east:a/f84b32721d2f4ddfa35b85de7b1230a5:9852b119-18cc-4f58-ac25-2b008a7aeb2f::,
d08himmkt09s73d29hp0,0ebf4684-135b-4a2a-92fc-ba7c92bf441f,Completed,,2025-04-29T18:24:26.13743Z,37,estimator,ibm_kingston,crn:v1:bluemix:public:quantum-computing:us-east:a/f84b32721d2f4ddfa35b85de7b1230a5:9852b119-18cc-4f58-ac25-2b008a7aeb2f::,
d08hibmkt09s73d29hd0,0ebf4684-135b-4a2a-92fc-ba7c92bf441f,Completed,,2025-04-29T18:23:42.302208Z,37,estimator,ibm_kingston,crn:v1:bluemix:public:quantum-computing:us-east:a/f84b32721d2f4ddfa35b85de7b1230a5:9852b119-18cc-4f58-ac25-2b008a7aeb2f::,
d08hi0lmaohc73eaf550,0ebf4684-135b-4a2a-92fc-ba7c92bf441f,Completed,,2025-04-29T18:22:58.782261Z,36,estimator,ibm_kingston,crn:v1:bluemix:public:quantum-computing:us-east:a/f84b32721d2f4ddfa35b85de7b1230a5:9852b119-18cc-4f58-ac25-2b008a7aeb2f::,
d08hhlt3cuts73900hj0,0ebf4684-135b-4a2a-92fc-ba7c92bf441f,Completed,,2025-04-29T18:22:15.33891Z,36,estimator,ibm_kingston,crn:v1:bluemix:public:quantum-computing:us-east:a/f84b32721d2f4ddfa35b85de7b1230a5:9852b119-18cc-4f58-ac25-2b008a7aeb2f::,
d08hhath8bbs73ef6no0,0ebf4684-135b-4a2a-92fc-ba7c92bf441f,Completed,,2025-04-29T18:21:31.392968Z,36,estimator,ibm_kingston,crn:v1:bluemix:public:quantum-computing:us-east:a/f84b32721d2f4ddfa35b85de7b1230a5:9852b119-18cc-4f58-ac25-2b008a7aeb2f::,
d08hgvth8bbs73ef6n9g,0ebf4684-135b-4a2a-92fc-ba7c92bf441f,Completed,,2025-04-29T18:20:47.807429Z,37,estimator,ibm_kingston,crn:v1:bluemix:public:quantum-computing:us-east:a/f84b32721d2f4ddfa35b85de7b1230a5:9852b119-18cc-4f58-ac25-2b008a7aeb2f::,
d08hgl6kt09s73d29f5g,0ebf4684-135b-4a2a-92fc-ba7c92bf441f,Completed,,2025-04-29T18:20:04.115451Z,37,estimator,ibm_kingston,crn:v1:bluemix:public:quantum-computing:us-east:a/f84b32721d2f4ddfa35b85de7b1230a5:9852b119-18cc-4f58-ac25-2b008a7aeb2f::,
d08hga53cuts73900fvg,0ebf4684-135b-4a2a-92fc-ba7c92bf441f,Completed,,2025-04-29T18:19:20.381056Z,36,estimator,ibm_kingston,crn:v1:bluemix:public:quantum-computing:us-east:a/f84b32721d2f4ddfa35b85de7b1230a5:9852b119-18cc-4f58-ac25-2b008a7aeb2f::,
d08hfv6kt09s73d29ecg,0ebf4684-135b-4a2a-92fc-ba7c92bf441f,Completed,,2025-04-29T18:18:36.779785Z,36,estimator,ibm_kingston,crn:v1:bluemix:public:quantum-computing:us-east:a/f84b32721d2f4ddfa35b85de7b1230a5:9852b119-18cc-4f58-ac25-2b008a7aeb2f::,
d08hfjt3cuts73900f70,0ebf4684-135b-4a2a-92fc-ba7c92bf441f,Completed,,2025-04-29T18:17:51.876235Z,36,estimator,ibm_kingston,crn:v1:bluemix:public:quantum-computing:us-east:a/f84b32721d2f4ddfa35b85de7b1230a5:9852b119-18cc-4f58-ac25-2b008a7aeb2f::,
d08hf95maohc73eaf20g,0ebf4684-135b-4a2a-92fc-ba7c92bf441f,Completed,,2025-04-29T18:17:08.09142Z,36,estimator,ibm_kingston,crn:v1:bluemix:public:quantum-computing:us-east:a/f84b32721d2f4ddfa35b85de7b1230a5:9852b119-18cc-4f58-ac25-2b008a7aeb2f::,
d08heu53cuts73900efg,0ebf4684-135b-4a2a-92fc-ba7c92bf441f,Completed,,2025-04-29T18:16:24.516643Z,36,estimator,ibm_kingston,crn:v1:bluemix:public:quantum-computing:us-east:a/f84b32721d2f4ddfa35b85de7b1230a5:9852b119-18cc-4f58-ac25-2b008a7aeb2f::,
d08hej5h8bbs73ef6kng,0ebf4684-135b-4a2a-92fc-ba7c92bf441f,Completed,,2025-04-29T18:15:40.89114Z,36,estimator,ibm_kingston,crn:v1:bluemix:public:quantum-computing:us-east:a/f84b32721d2f4ddfa35b85de7b1230a5:9852b119-18cc-4f58-ac25-2b008a7aeb2f::,
d08he8dh8bbs73ef6kag,0ebf4684-135b-4a2a-92fc-ba7c92bf441f,Completed,,2025-04-29T18:14:57.355457Z,36,estimator,ibm_kingston,crn:v1:bluemix:public:quantum-computing:us-east:a/f84b32721d2f4ddfa35b85de7b1230a5:9852b119-18cc-4f58-ac25-2b008a7aeb2f::,
d08hdtekt09s73d29c1g,0ebf4684-135b-4a2a-92fc-ba7c92bf441f,Completed,,2025-04-29T18:14:13.663252Z,36,estimator,ibm_kingston,crn:v1:bluemix:public:quantum-computing:us-east:a/f84b32721d2f4ddfa35b85de7b1230a5:9852b119-18cc-4f58-ac25-2b008a7aeb2f::,
d08hdilmaohc73eaf070,0ebf4684-135b-4a2a-92fc-ba7c92bf441f,Completed,,2025-04-29T18:13:30.240611Z,37,estimator,ibm_kingston,crn:v1:bluemix:public:quantum-computing:us-east:a/f84b32721d2f4ddfa35b85de7b1230a5:9852b119-18cc-4f58-ac25-2b008a7aeb2f::,
d08hd7lmaohc73eaevrg,0ebf4684-135b-4a2a-92fc-ba7c92bf441f,Completed,,2025-04-29T18:12:46.825405Z,36,estimator,ibm_kingston,crn:v1:bluemix:public:quantum-computing:us-east:a/f84b32721d2f4ddfa35b85de7b1230a5:9852b119-18cc-4f58-ac25-2b008a7aeb2f::,
d08hcstmaohc73eaevf0,0ebf4684-135b-4a2a-92fc-ba7c92bf441f,Completed,,2025-04-29T18:12:03.206879Z,36,estimator,ibm_kingston,crn:v1:bluemix:public:quantum-computing:us-east:a/f84b32721d2f4ddfa35b85de7b1230a5:9852b119-18cc-4f58-ac25-2b008a7aeb2f::,
d08hchukt09s73d29ajg,0ebf4684-135b-4a2a-92fc-ba7c92bf441f,Completed,,2025-04-29T18:11:19.118439Z,36,estimator,ibm_kingston,crn:v1:bluemix:public:quantum-computing:us-east:a/f84b32721d2f4ddfa35b85de7b1230a5:9852b119-18cc-4f58-ac25-2b008a7aeb2f::,
d08hc6t3cuts73900bh0,0ebf4684-135b-4a2a-92fc-ba7c92bf441f,Completed,,2025-04-29T18:10:35.414571Z,36,estimator,ibm_kingston,crn:v1:bluemix:public:quantum-computing:us-east:a/f84b32721d2f4ddfa35b85de7b1230a5:9852b119-18cc-4f58-ac25-2b008a7aeb2f::,
d08hbs6kt09s73d299og,0ebf4684-135b-4a2a-92fc-ba7c92bf441f,Completed,,2025-04-29T18:09:52.209577Z,36,estimator,ibm_kingston,crn:v1:bluemix:public:quantum-computing:us-east:a/f84b32721d2f4ddfa35b85de7b1230a5:9852b119-18cc-4f58-ac25-2b008a7aeb2f::,
d08hbh53cuts73900akg,0ebf4684-135b-4a2a-92fc-ba7c92bf441f,Completed,,2025-04-29T18:09:08.258934Z,37,estimator,ibm_kingston,crn:v1:bluemix:public:quantum-computing:us-east:a/f84b32721d2f4ddfa35b85de7b1230a5:9852b119-18cc-4f58-ac25-2b008a7aeb2f::,
d08hb66kt09s73d29920,0ebf4684-135b-4a2a-92fc-ba7c92bf441f,Completed,,2025-04-29T18:08:24.646875Z,36,estimator,ibm_kingston,crn:v1:bluemix:public:quantum-computing:us-east:a/f84b32721d2f4ddfa35b85de7b1230a5:9852b119-18cc-4f58-ac25-2b008a7aeb2f::,
d08hardh8bbs73ef6ghg,0ebf4684-135b-4a2a-92fc-ba7c92bf441f,Completed,,2025-04-29T18:07:41.134791Z,36,estimator,ibm_kingston,crn:v1:bluemix:public:quantum-computing:us-east:a/f84b32721d2f4ddfa35b85de7b1230a5:9852b119-18cc-4f58-ac25-2b008a7aeb2f::,
d08hagdh8bbs73ef6g1g,0ebf4684-135b-4a2a-92fc-ba7c92bf441f,Completed,,2025-04-29T18:06:57.601781Z,37,estimator,ibm_kingston,crn:v1:bluemix:public:quantum-computing:us-east:a/f84b32721d2f4ddfa35b85de7b1230a5:9852b119-18cc-4f58-ac25-2b008a7aeb2f::,
d08ha5mkt09s73d297t0,0ebf4684-135b-4a2a-92fc-ba7c92bf441f,Completed,,2025-04-29T18:06:14.188305Z,36,estimator,ibm_kingston,crn:v1:bluemix:public:quantum-computing:us-east:a/f84b32721d2f4ddfa35b85de7b1230a5:9852b119-18cc-4f58-ac25-2b008a7aeb2f::,
d08h9ql3cuts739008p0,0ebf4684-135b-4a2a-92fc-ba7c92bf441f,Completed,,2025-04-29T18:05:30.070767Z,36,estimator,ibm_kingston,crn:v1:bluemix:public:quantum-computing:us-east:a/f84b32721d2f4ddfa35b85de7b1230a5:9852b119-18cc-4f58-ac25-2b008a7aeb2f::,
d08h9flmaohc73eaerq0,0ebf4684-135b-4a2a-92fc-ba7c92bf441f,Completed,,2025-04-29T18:04:46.360682Z,36,estimator,ibm_kingston,crn:v1:bluemix:public:quantum-computing:us-east:a/f84b32721d2f4ddfa35b85de7b1230a5:9852b119-18cc-4f58-ac25-2b008a7aeb2f::,
d08h94mkt09s73d296p0,0ebf4684-135b-4a2a-92fc-ba7c92bf441f,Completed,,2025-04-29T18:04:02.711639Z,36,estimator,ibm_kingston,crn:v1:bluemix:public:quantum-computing:us-east:a/f84b32721d2f4ddfa35b85de7b1230a5:9852b119-18cc-4f58-ac25-2b008a7aeb2f::,
d08h8plmaohc73eaer50,0ebf4684-135b-4a2a-92fc-ba7c92bf441f,Completed,,2025-04-29T18:03:19.06777Z,36,estimator,ibm_kingston,crn:v1:bluemix:public:quantum-computing:us-east:a/f84b32721d2f4ddfa35b85de7b1230a5:9852b119-18cc-4f58-ac25-2b008a7aeb2f::,
d08h8eth8bbs73ef6dvg,0ebf4684-135b-4a2a-92fc-ba7c92bf441f,Completed,,2025-04-29T18:02:35.093699Z,37,estimator,ibm_kingston,crn:v1:bluemix:public:quantum-computing:us-east:a/f84b32721d2f4ddfa35b85de7b1230a5:9852b119-18cc-4f58-ac25-2b008a7aeb2f::,
d08h83tmaohc73eaeqeg,0ebf4684-135b-4a2a-92fc-ba7c92bf441f,Completed,,2025-04-29T18:01:51.402237Z,37,estimator,ibm_kingston,crn:v1:bluemix:public:quantum-computing:us-east:a/f84b32721d2f4ddfa35b85de7b1230a5:9852b119-18cc-4f58-ac25-2b008a7aeb2f::,
d08h7otmaohc73eaeq3g,0ebf4684-135b-4a2a-92fc-ba7c92bf441f,Completed,,2025-04-29T18:01:07.840547Z,37,estimator,ibm_kingston,crn:v1:bluemix:public:quantum-computing:us-east:a/f84b32721d2f4ddfa35b85de7b1230a5:9852b119-18cc-4f58-ac25-2b008a7aeb2f::,
d08h7dth8bbs73ef6cv0,0ebf4684-135b-4a2a-92fc-ba7c92bf441f,Completed,,2025-04-29T18:00:23.904571Z,37,estimator,ibm_kingston,crn:v1:bluemix:public:quantum-computing:us-east:a/f84b32721d2f4ddfa35b85de7b1230a5:9852b119-18cc-4f58-ac25-2b008a7aeb2f::,
d08h72tmaohc73eaepeg,0ebf4684-135b-4a2a-92fc-ba7c92bf441f,Completed,,2025-04-29T17:59:39.947831Z,37,estimator,ibm_kingston,crn:v1:bluemix:public:quantum-computing:us-east:a/f84b32721d2f4ddfa35b85de7b1230a5:9852b119-18cc-4f58-ac25-2b008a7aeb2f::,
d08h6o6kt09s73d294bg,0ebf4684-135b-4a2a-92fc-ba7c92bf441f,Completed,,2025-04-29T17:58:56.529858Z,36,estimator,ibm_kingston,crn:v1:bluemix:public:quantum-computing:us-east:a/f84b32721d2f4ddfa35b85de7b1230a5:9852b119-18cc-4f58-ac25-2b008a7aeb2f::,
d08h6ddmaohc73eaeolg,0ebf4684-135b-4a2a-92fc-ba7c92bf441f,Completed,,2025-04-29T17:58:13.306409Z,36,estimator,ibm_kingston,crn:v1:bluemix:public:quantum-computing:us-east:a/f84b32721d2f4ddfa35b85de7b1230a5:9852b119-18cc-4f58-ac25-2b008a7aeb2f::,
d08h6253cuts739004t0,0ebf4684-135b-4a2a-92fc-ba7c92bf441f,Completed,,2025-04-29T17:57:28.734688Z,36,estimator,ibm_kingston,crn:v1:bluemix:public:quantum-computing:us-east:a/f84b32721d2f4ddfa35b85de7b1230a5:9852b119-18cc-4f58-ac25-2b008a7aeb2f::,
d08h5nd3cuts739004hg,0ebf4684-135b-4a2a-92fc-ba7c92bf441f,Completed,,2025-04-29T17:56:45.434981Z,36,estimator,ibm_kingston,crn:v1:bluemix:public:quantum-computing:us-east:a/f84b32721d2f4ddfa35b85de7b1230a5:9852b119-18cc-4f58-ac25-2b008a7aeb2f::,
d08h5cekt09s73d292s0,0ebf4684-135b-4a2a-92fc-ba7c92bf441f,Completed,,2025-04-29T17:56:01.972605Z,36,estimator,ibm_kingston,crn:v1:bluemix:public:quantum-computing:us-east:a/f84b32721d2f4ddfa35b85de7b1230a5:9852b119-18cc-4f58-ac25-2b008a7aeb2f::,
d08h51lh8bbs73ef6ahg,0ebf4684-135b-4a2a-92fc-ba7c92bf441f,Completed,,2025-04-29T17:55:18.481025Z,36,estimator,ibm_kingston,crn:v1:bluemix:public:quantum-computing:us-east:a/f84b32721d2f4ddfa35b85de7b1230a5:9852b119-18cc-4f58-ac25-2b008a7aeb2f::,
d08h4mlmaohc73eaemv0,0ebf4684-135b-4a2a-92fc-ba7c92bf441f,Completed,,2025-04-29T17:54:34.912666Z,36,estimator,ibm_kingston,crn:v1:bluemix:public:quantum-computing:us-east:a/f84b32721d2f4ddfa35b85de7b1230a5:9852b119-18cc-4f58-ac25-2b008a7aeb2f::,
d08h4bth8bbs73ef69rg,0ebf4684-135b-4a2a-92fc-ba7c92bf441f,Completed,,2025-04-29T17:53:51.702106Z,36,estimator,ibm_kingston,crn:v1:bluemix:public:quantum-computing:us-east:a/f84b32721d2f4ddfa35b85de7b1230a5:9852b119-18cc-4f58-ac25-2b008a7aeb2f::,
d08h40th8bbs73ef69g0,0ebf4684-135b-4a2a-92fc-ba7c92bf441f,Completed,,2025-04-29T17:53:07.288569Z,36,estimator,ibm_kingston,crn:v1:bluemix:public:quantum-computing:us-east:a/f84b32721d2f4ddfa35b85de7b1230a5:9852b119-18cc-4f58-ac25-2b008a7aeb2f::,
d08h3lukt09s73d29170,0ebf4684-135b-4a2a-92fc-ba7c92bf441f,Completed,,2025-04-29T17:52:23.233684Z,36,estimator,ibm_kingston,crn:v1:bluemix:public:quantum-computing:us-east:a/f84b32721d2f4ddfa35b85de7b1230a5:9852b119-18cc-4f58-ac25-2b008a7aeb2f::,
d08h3aukt09s73d290s0,0ebf4684-135b-4a2a-92fc-ba7c92bf441f,Completed,,2025-04-29T17:51:39.696006Z,36,estimator,ibm_kingston,crn:v1:bluemix:public:quantum-computing:us-east:a/f84b32721d2f4ddfa35b85de7b1230a5:9852b119-18cc-4f58-ac25-2b008a7aeb2f::,
d08h3053cuts739001p0,0ebf4684-135b-4a2a-92fc-ba7c92bf441f,Completed,,2025-04-29T17:50:56.152245Z,37,estimator,ibm_kingston,crn:v1:bluemix:public:quantum-computing:us-east:a/f84b32721d2f4ddfa35b85de7b1230a5:9852b119-18cc-4f58-ac25-2b008a7aeb2f::,
d08h2l53cuts739001d0,0ebf4684-135b-4a2a-92fc-ba7c92bf441f,Completed,,2025-04-29T17:50:12.393813Z,37,estimator,ibm_kingston,crn:v1:bluemix:public:quantum-computing:us-east:a/f84b32721d2f4ddfa35b85de7b1230a5:9852b119-18cc-4f58-ac25-2b008a7aeb2f::,
d08h2a5maohc73eaekig,0ebf4684-135b-4a2a-92fc-ba7c92bf441f,Completed,,2025-04-29T17:49:28.868147Z,36,estimator,ibm_kingston,crn:v1:bluemix:public:quantum-computing:us-east:a/f84b32721d2f4ddfa35b85de7b1230a5:9852b119-18cc-4f58-ac25-2b008a7aeb2f::,
d08h1vekt09s73d28vc0,0ebf4684-135b-4a2a-92fc-ba7c92bf441f,Completed,,2025-04-29T17:48:45.519547Z,36,estimator,ibm_kingston,crn:v1:bluemix:public:quantum-computing:us-east:a/f84b32721d2f4ddfa35b85de7b1230a5:9852b119-18cc-4f58-ac25-2b008a7aeb2f::,
d08h1kdmaohc73eaejsg,0ebf4684-135b-4a2a-92fc-ba7c92bf441f,Completed,,2025-04-29T17:48:01.616039Z,36,estimator,ibm_kingston,crn:v1:bluemix:public:quantum-computing:us-east:a/f84b32721d2f4ddfa35b85de7b1230a5:9852b119-18cc-4f58-ac25-2b008a7aeb2f::,
d08h19mkt09s73d28uhg,0ebf4684-135b-4a2a-92fc-ba7c92bf441f,Completed,,2025-04-29T17:47:18.452047Z,36,estimator,ibm_kingston,crn:v1:bluemix:public:quantum-computing:us-east:a/f84b32721d2f4ddfa35b85de7b1230a5:9852b119-18cc-4f58-ac25-2b008a7aeb2f::,
d08h0ulh8bbs73ef65vg,0ebf4684-135b-4a2a-92fc-ba7c92bf441f,Completed,,2025-04-29T17:46:34.856237Z,36,estimator,ibm_kingston,crn:v1:bluemix:public:quantum-computing:us-east:a/f84b32721d2f4ddfa35b85de7b1230a5:9852b119-18cc-4f58-ac25-2b008a7aeb2f::,
d08h0jth8bbs73ef65jg,0ebf4684-135b-4a2a-92fc-ba7c92bf441f,Completed,,2025-04-29T17:45:51.052688Z,37,estimator,ibm_kingston,crn:v1:bluemix:public:quantum-computing:us-east:a/f84b32721d2f4ddfa35b85de7b1230a5:9852b119-18cc-4f58-ac25-2b008a7aeb2f::,
d08h08mkt09s73d28teg,0ebf4684-135b-4a2a-92fc-ba7c92bf441f,Completed,,2025-04-29T17:45:06.862459Z,36,estimator,ibm_kingston,crn:v1:bluemix:public:quantum-computing:us-east:a/f84b32721d2f4ddfa35b85de7b1230a5:9852b119-18cc-4f58-ac25-2b008a7aeb2f::,
d08gvsekt09s73d28t10,0ebf4684-135b-4a2a-92fc-ba7c92bf441f,Completed,,2025-04-29T17:44:17.771346Z,42,estimator,ibm_kingston,crn:v1:bluemix:public:quantum-computing:us-east:a/f84b32721d2f4ddfa35b85de7b1230a5:9852b119-18cc-4f58-ac25-2b008a7aeb2f::,
d08gvhlh8bbs73ef64ag,0ebf4684-135b-4a2a-92fc-ba7c92bf441f,Completed,,2025-04-29T17:43:34.357914Z,36,estimator,ibm_kingston,crn:v1:bluemix:public:quantum-computing:us-east:a/f84b32721d2f4ddfa35b85de7b1230a5:9852b119-18cc-4f58-ac25-2b008a7aeb2f::,
d08gv6l3cuts738vvtk0,0ebf4684-135b-4a2a-92fc-ba7c92bf441f,Completed,,2025-04-29T17:42:50.648164Z,36,estimator,ibm_kingston,crn:v1:bluemix:public:quantum-computing:us-east:a/f84b32721d2f4ddfa35b85de7b1230a5:9852b119-18cc-4f58-ac25-2b008a7aeb2f::,
d08gurt3cuts738vvt90,0ebf4684-135b-4a2a-92fc-ba7c92bf441f,Completed,,2025-04-29T17:42:07.052203Z,36,estimator,ibm_kingston,crn:v1:bluemix:public:quantum-computing:us-east:a/f84b32721d2f4ddfa35b85de7b1230a5:9852b119-18cc-4f58-ac25-2b008a7aeb2f::,
d08gugt3cuts738vvssg,0ebf4684-135b-4a2a-92fc-ba7c92bf441f,Completed,,2025-04-29T17:41:23.152952Z,36,estimator,ibm_kingston,crn:v1:bluemix:public:quantum-computing:us-east:a/f84b32721d2f4ddfa35b85de7b1230a5:9852b119-18cc-4f58-ac25-2b008a7aeb2f::,
d08gu5t3cuts738vvse0,0ebf4684-135b-4a2a-92fc-ba7c92bf441f,Completed,,2025-04-29T17:40:39.710661Z,36,estimator,ibm_kingston,crn:v1:bluemix:public:quantum-computing:us-east:a/f84b32721d2f4ddfa35b85de7b1230a5:9852b119-18cc-4f58-ac25-2b008a7aeb2f::,
d08gtqth8bbs73ef62g0,0ebf4684-135b-4a2a-92fc-ba7c92bf441f,Completed,,2025-04-29T17:39:55.530184Z,37,estimator,ibm_kingston,crn:v1:bluemix:public:quantum-computing:us-east:a/f84b32721d2f4ddfa35b85de7b1230a5:9852b119-18cc-4f58-ac25-2b008a7aeb2f::,
d08gtfth8bbs73ef6240,0ebf4684-135b-4a2a-92fc-ba7c92bf441f,Completed,,2025-04-29T17:39:11.984082Z,36,estimator,ibm_kingston,crn:v1:bluemix:public:quantum-computing:us-east:a/f84b32721d2f4ddfa35b85de7b1230a5:9852b119-18cc-4f58-ac25-2b008a7aeb2f::,
d08gt56kt09s73d28q20,0ebf4684-135b-4a2a-92fc-ba7c92bf441f,Completed,,2025-04-29T17:38:28.230674Z,36,estimator,ibm_kingston,crn:v1:bluemix:public:quantum-computing:us-east:a/f84b32721d2f4ddfa35b85de7b1230a5:9852b119-18cc-4f58-ac25-2b008a7aeb2f::,
d08gsq6kt09s73d28plg,0ebf4684-135b-4a2a-92fc-ba7c92bf441f,Completed,,2025-04-29T17:37:44.77478Z,36,estimator,ibm_kingston,crn:v1:bluemix:public:quantum-computing:us-east:a/f84b32721d2f4ddfa35b85de7b1230a5:9852b119-18cc-4f58-ac25-2b008a7aeb2f::,
d08gsfekt09s73d28p7g,0ebf4684-135b-4a2a-92fc-ba7c92bf441f,Completed,,2025-04-29T17:37:01.163236Z,37,estimator,ibm_kingston,crn:v1:bluemix:public:quantum-computing:us-east:a/f84b32721d2f4ddfa35b85de7b1230a5:9852b119-18cc-4f58-ac25-2b008a7aeb2f::,
d08gs4d3cuts738vvq6g,0ebf4684-135b-4a2a-92fc-ba7c92bf441f,Completed,,2025-04-29T17:36:17.764656Z,36,estimator,ibm_kingston,crn:v1:bluemix:public:quantum-computing:us-east:a/f84b32721d2f4ddfa35b85de7b1230a5:9852b119-18cc-4f58-ac25-2b008a7aeb2f::,
d08grpdmaohc73eaedg0,0ebf4684-135b-4a2a-92fc-ba7c92bf441f,Completed,,2025-04-29T17:35:33.4573Z,36,estimator,ibm_kingston,crn:v1:bluemix:public:quantum-computing:us-east:a/f84b32721d2f4ddfa35b85de7b1230a5:9852b119-18cc-4f58-ac25-2b008a7aeb2f::,
d08grelmaohc73eaed3g,0ebf4684-135b-4a2a-92fc-ba7c92bf441f,Completed,,2025-04-29T17:34:50.128992Z,37,estimator,ibm_kingston,crn:v1:bluemix:public:quantum-computing:us-east:a/f84b32721d2f4ddfa35b85de7b1230a5:9852b119-18cc-4f58-ac25-2b008a7aeb2f::,
d08gr3lmaohc73eaecog,0ebf4684-135b-4a2a-92fc-ba7c92bf441f,Completed,,2025-04-29T17:34:06.088198Z,36,estimator,ibm_kingston,crn:v1:bluemix:public:quantum-computing:us-east:a/f84b32721d2f4ddfa35b85de7b1230a5:9852b119-18cc-4f58-ac25-2b008a7aeb2f::,
d08gqol3cuts738vvosg,0ebf4684-135b-4a2a-92fc-ba7c92bf441f,Completed,,2025-04-29T17:33:22.132603Z,36,estimator,ibm_kingston,crn:v1:bluemix:public:quantum-computing:us-east:a/f84b32721d2f4ddfa35b85de7b1230a5:9852b119-18cc-4f58-ac25-2b008a7aeb2f::,
d08gqdd3cuts738vvof0,0ebf4684-135b-4a2a-92fc-ba7c92bf441f,Completed,,2025-04-29T17:32:37.884766Z,37,estimator,ibm_kingston,crn:v1:bluemix:public:quantum-computing:us-east:a/f84b32721d2f4ddfa35b85de7b1230a5:9852b119-18cc-4f58-ac25-2b008a7aeb2f::,
d08gq2lmaohc73eaebp0,0ebf4684-135b-4a2a-92fc-ba7c92bf441f,Completed,,2025-04-29T17:31:54.390967Z,36,estimator,ibm_kingston,crn:v1:bluemix:public:quantum-computing:us-east:a/f84b32721d2f4ddfa35b85de7b1230a5:9852b119-18cc-4f58-ac25-2b008a7aeb2f::,
d08gpnmkt09s73d28mh0,0ebf4684-135b-4a2a-92fc-ba7c92bf441f,Completed,,2025-04-29T17:31:10.487504Z,37,estimator,ibm_kingston,crn:v1:bluemix:public:quantum-computing:us-east:a/f84b32721d2f4ddfa35b85de7b1230a5:9852b119-18cc-4f58-ac25-2b008a7aeb2f::,
d08gpclmaohc73eaeb30,0ebf4684-135b-4a2a-92fc-ba7c92bf441f,Completed,,2025-04-29T17:30:26.519947Z,36,estimator,ibm_kingston,crn:v1:bluemix:public:quantum-computing:us-east:a/f84b32721d2f4ddfa35b85de7b1230a5:9852b119-18cc-4f58-ac25-2b008a7aeb2f::,
d08gp0lh8bbs73ef5tf0,0ebf4684-135b-4a2a-92fc-ba7c92bf441f,Completed,,2025-04-29T17:29:38.444523Z,36,estimator,ibm_kingston,crn:v1:bluemix:public:quantum-computing:us-east:a/f84b32721d2f4ddfa35b85de7b1230a5:9852b119-18cc-4f58-ac25-2b008a7aeb2f::,
d08gollh8bbs73ef5t50,0ebf4684-135b-4a2a-92fc-ba7c92bf441f,Completed,,2025-04-29T17:28:54.720677Z,37,estimator,ibm_kingston,crn:v1:bluemix:public:quantum-computing:us-east:a/f84b32721d2f4ddfa35b85de7b1230a5:9852b119-18cc-4f58-ac25-2b008a7aeb2f::,
d08goaukt09s73d28ku0,0ebf4684-135b-4a2a-92fc-ba7c92bf441f,Completed,,2025-04-29T17:28:11.240224Z,37,estimator,ibm_kingston,crn:v1:bluemix:public:quantum-computing:us-east:a/f84b32721d2f4ddfa35b85de7b1230a5:9852b119-18cc-4f58-ac25-2b008a7aeb2f::,
d08gnvtmaohc73eae9mg,0ebf4684-135b-4a2a-92fc-ba7c92bf441f,Completed,,2025-04-29T17:27:27.376249Z,36,estimator,ibm_kingston,crn:v1:bluemix:public:quantum-computing:us-east:a/f84b32721d2f4ddfa35b85de7b1230a5:9852b119-18cc-4f58-ac25-2b008a7aeb2f::,
d08gnkukt09s73d28k70,0ebf4684-135b-4a2a-92fc-ba7c92bf441f,Completed,,2025-04-29T17:26:43.568388Z,36,estimator,ibm_kingston,crn:v1:bluemix:public:quantum-computing:us-east:a/f84b32721d2f4ddfa35b85de7b1230a5:9852b119-18cc-4f58-ac25-2b008a7aeb2f::,
d08gn9t3cuts738vvlc0,0ebf4684-135b-4a2a-92fc-ba7c92bf441f,Completed,,2025-04-29T17:26:00.004795Z,36,estimator,ibm_kingston,crn:v1:bluemix:public:quantum-computing:us-east:a/f84b32721d2f4ddfa35b85de7b1230a5:9852b119-18cc-4f58-ac25-2b008a7aeb2f::,
d08gmv5maohc73eae8kg,0ebf4684-135b-4a2a-92fc-ba7c92bf441f,Completed,,2025-04-29T17:25:16.254268Z,37,estimator,ibm_kingston,crn:v1:bluemix:public:quantum-computing:us-east:a/f84b32721d2f4ddfa35b85de7b1230a5:9852b119-18cc-4f58-ac25-2b008a7aeb2f::,
d08gmk5h8bbs73ef5r20,0ebf4684-135b-4a2a-92fc-ba7c92bf441f,Completed,,2025-04-29T17:24:32.393155Z,36,estimator,ibm_kingston,crn:v1:bluemix:public:quantum-computing:us-east:a/f84b32721d2f4ddfa35b85de7b1230a5:9852b119-18cc-4f58-ac25-2b008a7aeb2f::,
d08gm95h8bbs73ef5qj0,0ebf4684-135b-4a2a-92fc-ba7c92bf441f,Completed,,2025-04-29T17:23:48.989693Z,36,estimator,ibm_kingston,crn:v1:bluemix:public:quantum-computing:us-east:a/f84b32721d2f4ddfa35b85de7b1230a5:9852b119-18cc-4f58-ac25-2b008a7aeb2f::,
d08glu5maohc73eae7lg,0ebf4684-135b-4a2a-92fc-ba7c92bf441f,Completed,,2025-04-29T17:23:04.276252Z,36,estimator,ibm_kingston,crn:v1:bluemix:public:quantum-computing:us-east:a/f84b32721d2f4ddfa35b85de7b1230a5:9852b119-18cc-4f58-ac25-2b008a7aeb2f::,
d08glj5maohc73eae7b0,0ebf4684-135b-4a2a-92fc-ba7c92bf441f,Completed,,2025-04-29T17:22:20.52063Z,36,estimator,ibm_kingston,crn:v1:bluemix:public:quantum-computing:us-east:a/f84b32721d2f4ddfa35b85de7b1230a5:9852b119-18cc-4f58-ac25-2b008a7aeb2f::,
d08gl86kt09s73d28hm0,0ebf4684-135b-4a2a-92fc-ba7c92bf441f,Completed,,2025-04-29T17:21:36.885804Z,36,estimator,ibm_kingston,crn:v1:bluemix:public:quantum-computing:us-east:a/f84b32721d2f4ddfa35b85de7b1230a5:9852b119-18cc-4f58-ac25-2b008a7aeb2f::,
d08gkst3cuts738vviv0,0ebf4684-135b-4a2a-92fc-ba7c92bf441f,Completed,,2025-04-29T17:20:51.69718Z,36,estimator,ibm_kingston,crn:v1:bluemix:public:quantum-computing:us-east:a/f84b32721d2f4ddfa35b85de7b1230a5:9852b119-18cc-4f58-ac25-2b008a7aeb2f::,
d08gkhdmaohc73eae68g,0ebf4684-135b-4a2a-92fc-ba7c92bf441f,Completed,,2025-04-29T17:20:05.98374Z,39,estimator,ibm_kingston,crn:v1:bluemix:public:quantum-computing:us-east:a/f84b32721d2f4ddfa35b85de7b1230a5:9852b119-18cc-4f58-ac25-2b008a7aeb2f::,
d08gk6lmaohc73eae5s0,0ebf4684-135b-4a2a-92fc-ba7c92bf441f,Completed,,2025-04-29T17:19:22.823993Z,36,estimator,ibm_kingston,crn:v1:bluemix:public:quantum-computing:us-east:a/f84b32721d2f4ddfa35b85de7b1230a5:9852b119-18cc-4f58-ac25-2b008a7aeb2f::,
d08gjrt3cuts738vvhs0,0ebf4684-135b-4a2a-92fc-ba7c92bf441f,Completed,,2025-04-29T17:18:39.519035Z,37,estimator,ibm_kingston,crn:v1:bluemix:public:quantum-computing:us-east:a/f84b32721d2f4ddfa35b85de7b1230a5:9852b119-18cc-4f58-ac25-2b008a7aeb2f::,
d08gjgt3cuts738vvhf0,0ebf4684-135b-4a2a-92fc-ba7c92bf441f,Completed,,2025-04-29T17:17:55.421981Z,37,estimator,ibm_kingston,crn:v1:bluemix:public:quantum-computing:us-east:a/f84b32721d2f4ddfa35b85de7b1230a5:9852b119-18cc-4f58-ac25-2b008a7aeb2f::,
d08gj5th8bbs73ef5ndg,0ebf4684-135b-4a2a-92fc-ba7c92bf441f,Completed,,2025-04-29T17:17:11.69525Z,36,estimator,ibm_kingston,crn:v1:bluemix:public:quantum-computing:us-east:a/f84b32721d2f4ddfa35b85de7b1230a5:9852b119-18cc-4f58-ac25-2b008a7aeb2f::,
d08giqukt09s73d28f50,0ebf4684-135b-4a2a-92fc-ba7c92bf441f,Completed,,2025-04-29T17:16:28.021926Z,36,estimator,ibm_kingston,crn:v1:bluemix:public:quantum-computing:us-east:a/f84b32721d2f4ddfa35b85de7b1230a5:9852b119-18cc-4f58-ac25-2b008a7aeb2f::,
d08gig53cuts738vvgeg,0ebf4684-135b-4a2a-92fc-ba7c92bf441f,Completed,,2025-04-29T17:15:44.449468Z,36,estimator,ibm_kingston,crn:v1:bluemix:public:quantum-computing:us-east:a/f84b32721d2f4ddfa35b85de7b1230a5:9852b119-18cc-4f58-ac25-2b008a7aeb2f::,
d08gi55h8bbs73ef5mcg,0ebf4684-135b-4a2a-92fc-ba7c92bf441f,Completed,,2025-04-29T17:15:00.765826Z,37,estimator,ibm_kingston,crn:v1:bluemix:public:quantum-computing:us-east:a/f84b32721d2f4ddfa35b85de7b1230a5:9852b119-18cc-4f58-ac25-2b008a7aeb2f::,
d08ghqd3cuts738vvfn0,0ebf4684-135b-4a2a-92fc-ba7c92bf441f,Completed,,2025-04-29T17:14:17.325847Z,36,estimator,ibm_kingston,crn:v1:bluemix:public:quantum-computing:us-east:a/f84b32721d2f4ddfa35b85de7b1230a5:9852b119-18cc-4f58-ac25-2b008a7aeb2f::,
d08ghfdh8bbs73ef5lkg,0ebf4684-135b-4a2a-92fc-ba7c92bf441f,Completed,,2025-04-29T17:13:34.012598Z,37,estimator,ibm_kingston,crn:v1:bluemix:public:quantum-computing:us-east:a/f84b32721d2f4ddfa35b85de7b1230a5:9852b119-18cc-4f58-ac25-2b008a7aeb2f::,
d08gh4l3cuts738vvevg,0ebf4684-135b-4a2a-92fc-ba7c92bf441f,Completed,,2025-04-29T17:12:50.200459Z,36,estimator,ibm_kingston,crn:v1:bluemix:public:quantum-computing:us-east:a/f84b32721d2f4ddfa35b85de7b1230a5:9852b119-18cc-4f58-ac25-2b008a7aeb2f::,
d08ggplmaohc73eae29g,0ebf4684-135b-4a2a-92fc-ba7c92bf441f,Completed,,2025-04-29T17:12:06.512288Z,36,estimator,ibm_kingston,crn:v1:bluemix:public:quantum-computing:us-east:a/f84b32721d2f4ddfa35b85de7b1230a5:9852b119-18cc-4f58-ac25-2b008a7aeb2f::,
d08ggelmaohc73eae1ug,0ebf4684-135b-4a2a-92fc-ba7c92bf441f,Completed,,2025-04-29T17:11:22.755711Z,37,estimator,ibm_kingston,crn:v1:bluemix:public:quantum-computing:us-east:a/f84b32721d2f4ddfa35b85de7b1230a5:9852b119-18cc-4f58-ac25-2b008a7aeb2f::,
d08gg3lmaohc73eae1i0,0ebf4684-135b-4a2a-92fc-ba7c92bf441f,Completed,,2025-04-29T17:10:38.919211Z,37,estimator,ibm_kingston,crn:v1:bluemix:public:quantum-computing:us-east:a/f84b32721d2f4ddfa35b85de7b1230a5:9852b119-18cc-4f58-ac25-2b008a7aeb2f::,
d08gfot3cuts738vvdgg,0ebf4684-135b-4a2a-92fc-ba7c92bf441f,Completed,,2025-04-29T17:09:55.243236Z,36,estimator,ibm_kingston,crn:v1:bluemix:public:quantum-computing:us-east:a/f84b32721d2f4ddfa35b85de7b1230a5:9852b119-18cc-4f58-ac25-2b008a7aeb2f::,
d08gfe53cuts738vvd40,0ebf4684-135b-4a2a-92fc-ba7c92bf441f,Completed,,2025-04-29T17:09:12.152493Z,36,estimator,ibm_kingston,crn:v1:bluemix:public:quantum-computing:us-east:a/f84b32721d2f4ddfa35b85de7b1230a5:9852b119-18cc-4f58-ac25-2b008a7aeb2f::,
d08gf36kt09s73d28avg,0ebf4684-135b-4a2a-92fc-ba7c92bf441f,Completed,,2025-04-29T17:08:28.396334Z,36,estimator,ibm_kingston,crn:v1:bluemix:public:quantum-computing:us-east:a/f84b32721d2f4ddfa35b85de7b1230a5:9852b119-18cc-4f58-ac25-2b008a7aeb2f::,
d08geo5maohc73eae07g,0ebf4684-135b-4a2a-92fc-ba7c92bf441f,Completed,,2025-04-29T17:07:44.354322Z,36,estimator,ibm_kingston,crn:v1:bluemix:public:quantum-computing:us-east:a/f84b32721d2f4ddfa35b85de7b1230a5:9852b119-18cc-4f58-ac25-2b008a7aeb2f::,
d08ged5maohc73eadvu0,0ebf4684-135b-4a2a-92fc-ba7c92bf441f,Completed,,2025-04-29T17:07:00.886004Z,36,estimator,ibm_kingston,crn:v1:bluemix:public:quantum-computing:us-east:a/f84b32721d2f4ddfa35b85de7b1230a5:9852b119-18cc-4f58-ac25-2b008a7aeb2f::,
d08ge253cuts738vvbpg,0ebf4684-135b-4a2a-92fc-ba7c92bf441f,Completed,,2025-04-29T17:06:16.383768Z,37,estimator,ibm_kingston,crn:v1:bluemix:public:quantum-computing:us-east:a/f84b32721d2f4ddfa35b85de7b1230a5:9852b119-18cc-4f58-ac25-2b008a7aeb2f::,
d08gdn53cuts738vvbf0,0ebf4684-135b-4a2a-92fc-ba7c92bf441f,Completed,,2025-04-29T17:05:32.182761Z,36,estimator,ibm_kingston,crn:v1:bluemix:public:quantum-computing:us-east:a/f84b32721d2f4ddfa35b85de7b1230a5:9852b119-18cc-4f58-ac25-2b008a7aeb2f::,
d08gdbt3cuts738vvb40,0ebf4684-135b-4a2a-92fc-ba7c92bf441f,Completed,,2025-04-29T17:04:47.959213Z,37,estimator,ibm_kingston,crn:v1:bluemix:public:quantum-computing:us-east:a/f84b32721d2f4ddfa35b85de7b1230a5:9852b119-18cc-4f58-ac25-2b008a7aeb2f::,
d08gd0mkt09s73d28900,0ebf4684-135b-4a2a-92fc-ba7c92bf441f,Completed,,2025-04-29T17:04:02.915025Z,36,estimator,ibm_kingston,crn:v1:bluemix:public:quantum-computing:us-east:a/f84b32721d2f4ddfa35b85de7b1230a5:9852b119-18cc-4f58-ac25-2b008a7aeb2f::,
d08gclth8bbs73ef5gkg,0ebf4684-135b-4a2a-92fc-ba7c92bf441f,Completed,,2025-04-29T17:03:19.340998Z,37,estimator,ibm_kingston,crn:v1:bluemix:public:quantum-computing:us-east:a/f84b32721d2f4ddfa35b85de7b1230a5:9852b119-18cc-4f58-ac25-2b008a7aeb2f::,
d08gc9th8bbs73ef5g90,0ebf4684-135b-4a2a-92fc-ba7c92bf441f,Completed,,2025-04-29T17:02:31.959006Z,37,estimator,ibm_kingston,crn:v1:bluemix:public:quantum-computing:us-east:a/f84b32721d2f4ddfa35b85de7b1230a5:9852b119-18cc-4f58-ac25-2b008a7aeb2f::,
d08gbv53cuts738vv9ng,0ebf4684-135b-4a2a-92fc-ba7c92bf441f,Completed,,2025-04-29T17:01:48.272729Z,36,estimator,ibm_kingston,crn:v1:bluemix:public:quantum-computing:us-east:a/f84b32721d2f4ddfa35b85de7b1230a5:9852b119-18cc-4f58-ac25-2b008a7aeb2f::,
d08gbk5maohc73eadtag,0ebf4684-135b-4a2a-92fc-ba7c92bf441f,Completed,,2025-04-29T17:01:04.263993Z,36,estimator,ibm_kingston,crn:v1:bluemix:public:quantum-computing:us-east:a/f84b32721d2f4ddfa35b85de7b1230a5:9852b119-18cc-4f58-ac25-2b008a7aeb2f::,
d08gb8tmaohc73eadsug,0ebf4684-135b-4a2a-92fc-ba7c92bf441f,Completed,,2025-04-29T17:00:19.179659Z,37,estimator,ibm_kingston,crn:v1:bluemix:public:quantum-computing:us-east:a/f84b32721d2f4ddfa35b85de7b1230a5:9852b119-18cc-4f58-ac25-2b008a7aeb2f::,
d08gatt3cuts738vv8ng,0ebf4684-135b-4a2a-92fc-ba7c92bf441f,Completed,,2025-04-29T16:59:35.43423Z,37,estimator,ibm_kingston,crn:v1:bluemix:public:quantum-computing:us-east:a/f84b32721d2f4ddfa35b85de7b1230a5:9852b119-18cc-4f58-ac25-2b008a7aeb2f::,
d08gai53cuts738vv8c0,0ebf4684-135b-4a2a-92fc-ba7c92bf441f,Completed,,2025-04-29T16:58:48.936066Z,36,estimator,ibm_kingston,crn:v1:bluemix:public:quantum-computing:us-east:a/f84b32721d2f4ddfa35b85de7b1230a5:9852b119-18cc-4f58-ac25-2b008a7aeb2f::,
d08ga75h8bbs73ef5eag,0ebf4684-135b-4a2a-92fc-ba7c92bf441f,Completed,,2025-04-29T16:58:04.548216Z,36,estimator,ibm_kingston,crn:v1:bluemix:public:quantum-computing:us-east:a/f84b32721d2f4ddfa35b85de7b1230a5:9852b119-18cc-4f58-ac25-2b008a7aeb2f::,
d08g9s6kt09s73d285r0,0ebf4684-135b-4a2a-92fc-ba7c92bf441f,Completed,,2025-04-29T16:57:20.55151Z,37,estimator,ibm_kingston,crn:v1:bluemix:public:quantum-computing:us-east:a/f84b32721d2f4ddfa35b85de7b1230a5:9852b119-18cc-4f58-ac25-2b008a7aeb2f::,
d08g9hd3cuts738vv7d0,0ebf4684-135b-4a2a-92fc-ba7c92bf441f,Completed,,2025-04-29T16:56:37.275498Z,36,estimator,ibm_kingston,crn:v1:bluemix:public:quantum-computing:us-east:a/f84b32721d2f4ddfa35b85de7b1230a5:9852b119-18cc-4f58-ac25-2b008a7aeb2f::,
d08g96ekt09s73d28560,0ebf4684-135b-4a2a-92fc-ba7c92bf441f,Completed,,2025-04-29T16:55:53.504904Z,36,estimator,ibm_kingston,crn:v1:bluemix:public:quantum-computing:us-east:a/f84b32721d2f4ddfa35b85de7b1230a5:9852b119-18cc-4f58-ac25-2b008a7aeb2f::,
d08g8rekt09s73d284rg,0ebf4684-135b-4a2a-92fc-ba7c92bf441f,Completed,,2025-04-29T16:55:09.448473Z,36,estimator,ibm_kingston,crn:v1:bluemix:public:quantum-computing:us-east:a/f84b32721d2f4ddfa35b85de7b1230a5:9852b119-18cc-4f58-ac25-2b008a7aeb2f::,
d08g8gdmaohc73eadq90,0ebf4684-135b-4a2a-92fc-ba7c92bf441f,Completed,,2025-04-29T16:54:25.864775Z,36,estimator,ibm_kingston,crn:v1:bluemix:public:quantum-computing:us-east:a/f84b32721d2f4ddfa35b85de7b1230a5:9852b119-18cc-4f58-ac25-2b008a7aeb2f::,
d08g85lh8bbs73ef5cbg,0ebf4684-135b-4a2a-92fc-ba7c92bf441f,Completed,,2025-04-29T16:53:42.586474Z,36,estimator,ibm_kingston,crn:v1:bluemix:public:quantum-computing:us-east:a/f84b32721d2f4ddfa35b85de7b1230a5:9852b119-18cc-4f58-ac25-2b008a7aeb2f::,
d08g7qukt09s73d283r0,0ebf4684-135b-4a2a-92fc-ba7c92bf441f,Completed,,2025-04-29T16:52:59.12523Z,36,estimator,ibm_kingston,crn:v1:bluemix:public:quantum-computing:us-east:a/f84b32721d2f4ddfa35b85de7b1230a5:9852b119-18cc-4f58-ac25-2b008a7aeb2f::,
d08g7fukt09s73d283gg,0ebf4684-135b-4a2a-92fc-ba7c92bf441f,Completed,,2025-04-29T16:52:15.849431Z,36,estimator,ibm_kingston,crn:v1:bluemix:public:quantum-computing:us-east:a/f84b32721d2f4ddfa35b85de7b1230a5:9852b119-18cc-4f58-ac25-2b008a7aeb2f::,
d08g756kt09s73d28350,0ebf4684-135b-4a2a-92fc-ba7c92bf441f,Completed,,2025-04-29T16:51:32.386959Z,37,estimator,ibm_kingston,crn:v1:bluemix:public:quantum-computing:us-east:a/f84b32721d2f4ddfa35b85de7b1230a5:9852b119-18cc-4f58-ac25-2b008a7aeb2f::,
d08g6q53cuts738vv4kg,0ebf4684-135b-4a2a-92fc-ba7c92bf441f,Completed,,2025-04-29T16:50:48.143671Z,37,estimator,ibm_kingston,crn:v1:bluemix:public:quantum-computing:us-east:a/f84b32721d2f4ddfa35b85de7b1230a5:9852b119-18cc-4f58-ac25-2b008a7aeb2f::,
d08g6f53cuts738vv4ag,0ebf4684-135b-4a2a-92fc-ba7c92bf441f,Completed,,2025-04-29T16:50:04.340642Z,36,estimator,ibm_kingston,crn:v1:bluemix:public:quantum-computing:us-east:a/f84b32721d2f4ddfa35b85de7b1230a5:9852b119-18cc-4f58-ac25-2b008a7aeb2f::,
d08g645maohc73eadnrg,0ebf4684-135b-4a2a-92fc-ba7c92bf441f,Completed,,2025-04-29T16:49:20.612676Z,36,estimator,ibm_kingston,crn:v1:bluemix:public:quantum-computing:us-east:a/f84b32721d2f4ddfa35b85de7b1230a5:9852b119-18cc-4f58-ac25-2b008a7aeb2f::,
d08g5p53cuts738vv3kg,0ebf4684-135b-4a2a-92fc-ba7c92bf441f,Completed,,2025-04-29T16:48:36.959328Z,37,estimator,ibm_kingston,crn:v1:bluemix:public:quantum-computing:us-east:a/f84b32721d2f4ddfa35b85de7b1230a5:9852b119-18cc-4f58-ac25-2b008a7aeb2f::,
d08g5e6kt09s73d2818g,0ebf4684-135b-4a2a-92fc-ba7c92bf441f,Completed,,2025-04-29T16:47:53.024036Z,36,estimator,ibm_kingston,crn:v1:bluemix:public:quantum-computing:us-east:a/f84b32721d2f4ddfa35b85de7b1230a5:9852b119-18cc-4f58-ac25-2b008a7aeb2f::,
d08g53ekt09s73d280t0,0ebf4684-135b-4a2a-92fc-ba7c92bf441f,Completed,,2025-04-29T16:47:09.674906Z,36,estimator,ibm_kingston,crn:v1:bluemix:public:quantum-computing:us-east:a/f84b32721d2f4ddfa35b85de7b1230a5:9852b119-18cc-4f58-ac25-2b008a7aeb2f::,
d08g4odmaohc73eadmg0,0ebf4684-135b-4a2a-92fc-ba7c92bf441f,Completed,,2025-04-29T16:46:25.837344Z,36,estimator,ibm_kingston,crn:v1:bluemix:public:quantum-computing:us-east:a/f84b32721d2f4ddfa35b85de7b1230a5:9852b119-18cc-4f58-ac25-2b008a7aeb2f::,
d08g4dl3cuts738vv26g,0ebf4684-135b-4a2a-92fc-ba7c92bf441f,Completed,,2025-04-29T16:45:42.115279Z,36,estimator,ibm_kingston,crn:v1:bluemix:public:quantum-computing:us-east:a/f84b32721d2f4ddfa35b85de7b1230a5:9852b119-18cc-4f58-ac25-2b008a7aeb2f::,
d08g42mkt09s73d27vt0,0ebf4684-135b-4a2a-92fc-ba7c92bf441f,Completed,,2025-04-29T16:44:58.278813Z,37,estimator,ibm_kingston,crn:v1:bluemix:public:quantum-computing:us-east:a/f84b32721d2f4ddfa35b85de7b1230a5:9852b119-18cc-4f58-ac25-2b008a7aeb2f::,
d08g3nlmaohc73eadli0,0ebf4684-135b-4a2a-92fc-ba7c92bf441f,Completed,,2025-04-29T16:44:14.176945Z,36,estimator,ibm_kingston,crn:v1:bluemix:public:quantum-computing:us-east:a/f84b32721d2f4ddfa35b85de7b1230a5:9852b119-18cc-4f58-ac25-2b008a7aeb2f::,
d08g3cmkt09s73d27v8g,0ebf4684-135b-4a2a-92fc-ba7c92bf441f,Completed,,2025-04-29T16:43:30.22505Z,36,estimator,ibm_kingston,crn:v1:bluemix:public:quantum-computing:us-east:a/f84b32721d2f4ddfa35b85de7b1230a5:9852b119-18cc-4f58-ac25-2b008a7aeb2f::,
d08g31l3cuts738vv0pg,0ebf4684-135b-4a2a-92fc-ba7c92bf441f,Completed,,2025-04-29T16:42:46.327802Z,37,estimator,ibm_kingston,crn:v1:bluemix:public:quantum-computing:us-east:a/f84b32721d2f4ddfa35b85de7b1230a5:9852b119-18cc-4f58-ac25-2b008a7aeb2f::,
d08g2mdmaohc73eadkjg,0ebf4684-135b-4a2a-92fc-ba7c92bf441f,Completed,,2025-04-29T16:42:01.737755Z,36,estimator,ibm_kingston,crn:v1:bluemix:public:quantum-computing:us-east:a/f84b32721d2f4ddfa35b85de7b1230a5:9852b119-18cc-4f58-ac25-2b008a7aeb2f::,
d08g29dmaohc73eadk7g,0ebf4684-135b-4a2a-92fc-ba7c92bf441f,Completed,,2025-04-29T16:41:09.088441Z,36,estimator,ibm_kingston,crn:v1:bluemix:public:quantum-computing:us-east:a/f84b32721d2f4ddfa35b85de7b1230a5:9852b119-18cc-4f58-ac25-2b008a7aeb2f::,
d08g1u5h8bbs73ef5600,0ebf4684-135b-4a2a-92fc-ba7c92bf441f,Completed,,2025-04-29T16:40:24.684778Z,37,estimator,ibm_kingston,crn:v1:bluemix:public:quantum-computing:us-east:a/f84b32721d2f4ddfa35b85de7b1230a5:9852b119-18cc-4f58-ac25-2b008a7aeb2f::,
d08g1jdmaohc73eadjig,0ebf4684-135b-4a2a-92fc-ba7c92bf441f,Completed,,2025-04-29T16:39:41.118428Z,36,estimator,ibm_kingston,crn:v1:bluemix:public:quantum-computing:us-east:a/f84b32721d2f4ddfa35b85de7b1230a5:9852b119-18cc-4f58-ac25-2b008a7aeb2f::,
d08g18dmaohc73eadj7g,0ebf4684-135b-4a2a-92fc-ba7c92bf441f,Completed,,2025-04-29T16:38:57.811781Z,37,estimator,ibm_kingston,crn:v1:bluemix:public:quantum-computing:us-east:a/f84b32721d2f4ddfa35b85de7b1230a5:9852b119-18cc-4f58-ac25-2b008a7aeb2f::,
d08g0tmkt09s73d27sv0,0ebf4684-135b-4a2a-92fc-ba7c92bf441f,Completed,,2025-04-29T16:38:14.13158Z,37,estimator,ibm_kingston,crn:v1:bluemix:public:quantum-computing:us-east:a/f84b32721d2f4ddfa35b85de7b1230a5:9852b119-18cc-4f58-ac25-2b008a7aeb2f::,
d08g0imkt09s73d27slg,0ebf4684-135b-4a2a-92fc-ba7c92bf441f,Completed,,2025-04-29T16:37:30.543479Z,37,estimator,ibm_kingston,crn:v1:bluemix:public:quantum-computing:us-east:a/f84b32721d2f4ddfa35b85de7b1230a5:9852b119-18cc-4f58-ac25-2b008a7aeb2f::,
d08g07d3cuts738vuu6g,0ebf4684-135b-4a2a-92fc-ba7c92bf441f,Completed,,2025-04-29T16:36:45.094908Z,38,estimator,ibm_kingston,crn:v1:bluemix:public:quantum-computing:us-east:a/f84b32721d2f4ddfa35b85de7b1230a5:9852b119-18cc-4f58-ac25-2b008a7aeb2f::,
d08fvsdmaohc73eadhug,0ebf4684-135b-4a2a-92fc-ba7c92bf441f,Completed,,2025-04-29T16:36:01.223016Z,37,estimator,ibm_kingston,crn:v1:bluemix:public:quantum-computing:us-east:a/f84b32721d2f4ddfa35b85de7b1230a5:9852b119-18cc-4f58-ac25-2b008a7aeb2f::,
d08fvhdh8bbs73ef53m0,0ebf4684-135b-4a2a-92fc-ba7c92bf441f,Completed,,2025-04-29T16:35:17.518865Z,36,estimator,ibm_kingston,crn:v1:bluemix:public:quantum-computing:us-east:a/f84b32721d2f4ddfa35b85de7b1230a5:9852b119-18cc-4f58-ac25-2b008a7aeb2f::,
d08fv6dmaohc73eadha0,0ebf4684-135b-4a2a-92fc-ba7c92bf441f,Completed,,2025-04-29T16:34:33.51149Z,36,estimator,ibm_kingston,crn:v1:bluemix:public:quantum-computing:us-east:a/f84b32721d2f4ddfa35b85de7b1230a5:9852b119-18cc-4f58-ac25-2b008a7aeb2f::,
d08furekt09s73d27r30,0ebf4684-135b-4a2a-92fc-ba7c92bf441f,Completed,,2025-04-29T16:33:49.750629Z,36,estimator,ibm_kingston,crn:v1:bluemix:public:quantum-computing:us-east:a/f84b32721d2f4ddfa35b85de7b1230a5:9852b119-18cc-4f58-ac25-2b008a7aeb2f::,
d08fug6kt09s73d27qng,0ebf4684-135b-4a2a-92fc-ba7c92bf441f,Completed,,2025-04-29T16:33:04.968682Z,36,estimator,ibm_kingston,crn:v1:bluemix:public:quantum-computing:us-east:a/f84b32721d2f4ddfa35b85de7b1230a5:9852b119-18cc-4f58-ac25-2b008a7aeb2f::,
d08fu553cuts738vus6g,0ebf4684-135b-4a2a-92fc-ba7c92bf441f,Completed,,2025-04-29T16:32:21.021703Z,36,estimator,ibm_kingston,crn:v1:bluemix:public:quantum-computing:us-east:a/f84b32721d2f4ddfa35b85de7b1230a5:9852b119-18cc-4f58-ac25-2b008a7aeb2f::,
d08ftqdmaohc73eadg1g,0ebf4684-135b-4a2a-92fc-ba7c92bf441f,Completed,,2025-04-29T16:31:37.821175Z,36,estimator,ibm_kingston,crn:v1:bluemix:public:quantum-computing:us-east:a/f84b32721d2f4ddfa35b85de7b1230a5:9852b119-18cc-4f58-ac25-2b008a7aeb2f::,
d08ftfmkt09s73d27pp0,0ebf4684-135b-4a2a-92fc-ba7c92bf441f,Completed,,2025-04-29T16:30:54.445057Z,37,estimator,ibm_kingston,crn:v1:bluemix:public:quantum-computing:us-east:a/f84b32721d2f4ddfa35b85de7b1230a5:9852b119-18cc-4f58-ac25-2b008a7aeb2f::,
d08ft4lh8bbs73ef51c0,0ebf4684-135b-4a2a-92fc-ba7c92bf441f,Completed,,2025-04-29T16:30:10.97861Z,36,estimator,ibm_kingston,crn:v1:bluemix:public:quantum-computing:us-east:a/f84b32721d2f4ddfa35b85de7b1230a5:9852b119-18cc-4f58-ac25-2b008a7aeb2f::,
d08fspukt09s73d27p40,0ebf4684-135b-4a2a-92fc-ba7c92bf441f,Completed,,2025-04-29T16:29:27.382089Z,36,estimator,ibm_kingston,crn:v1:bluemix:public:quantum-computing:us-east:a/f84b32721d2f4ddfa35b85de7b1230a5:9852b119-18cc-4f58-ac25-2b008a7aeb2f::,
d08fset3cuts738vuqlg,0ebf4684-135b-4a2a-92fc-ba7c92bf441f,Completed,,2025-04-29T16:28:43.910275Z,36,estimator,ibm_kingston,crn:v1:bluemix:public:quantum-computing:us-east:a/f84b32721d2f4ddfa35b85de7b1230a5:9852b119-18cc-4f58-ac25-2b008a7aeb2f::,
d08fs3t3cuts738vuqb0,0ebf4684-135b-4a2a-92fc-ba7c92bf441f,Completed,,2025-04-29T16:27:59.820251Z,36,estimator,ibm_kingston,crn:v1:bluemix:public:quantum-computing:us-east:a/f84b32721d2f4ddfa35b85de7b1230a5:9852b119-18cc-4f58-ac25-2b008a7aeb2f::,
d08froukt09s73d27o60,0ebf4684-135b-4a2a-92fc-ba7c92bf441f,Completed,,2025-04-29T16:27:15.546821Z,37,estimator,ibm_kingston,crn:v1:bluemix:public:quantum-computing:us-east:a/f84b32721d2f4ddfa35b85de7b1230a5:9852b119-18cc-4f58-ac25-2b008a7aeb2f::,
d08frdtmaohc73eaddt0,0ebf4684-135b-4a2a-92fc-ba7c92bf441f,Completed,,2025-04-29T16:26:31.51183Z,36,estimator,ibm_kingston,crn:v1:bluemix:public:quantum-computing:us-east:a/f84b32721d2f4ddfa35b85de7b1230a5:9852b119-18cc-4f58-ac25-2b008a7aeb2f::,
d08fqrukt09s73d27n9g,0ebf4684-135b-4a2a-92fc-ba7c92bf441f,Completed,,2025-04-29T16:25:19.197831Z,37,estimator,ibm_kingston,crn:v1:bluemix:public:quantum-computing:us-east:a/f84b32721d2f4ddfa35b85de7b1230a5:9852b119-18cc-4f58-ac25-2b008a7aeb2f::,