{
  "id": "c8f55a91-133f-4aa3-84ae-03b8fb0291ea",
  "backend_name": "ibm_kingston",
  "started_at": "2025-04-30T02:35:24.263Z",
  "activated_at": "2025-04-30T02:35:24.263Z",
  "closed_at": "2025-04-30T02:51:13.694Z",
  "last_job_started": "2025-04-30T02:51:13.267Z",
  "last_job_completed": "2025-04-30T02:51:13.719Z",
  "interactive_ttl": 60,
  "max_ttl": 5901,
  "active_ttl": 5901,
  "state": "closed",
  "state_reason": "session_canceled_by_user",
  "accepting_jobs": false,
  "mode": "dedicated",
  "user_id": "IBMid-6980004F83",
  "timestamps": [
    {
      "status": "open",
      "timestamp": "2025-04-30T02:28:50.153Z"
    },
    {
      "status": "active",
      "timestamp": "2025-04-30T02:35:24.263Z"
    },
    {
      "status": "closed",
      "timestamp": "2025-04-30T02:51:13.668371Z"
    }
  ],
  "elapsed_time": 949.456
}