JobId,SessionId,Status,Reason,Created,Usage (seconds),Type,Compute resource,Instance,Tags
d08p08fmcmsc738imh8g,c8f55a91-133f-4aa3-84ae-03b8fb0291ea,Cancelled,,2025-04-30T02:51:13.108671Z,15,estimator,ibm_kingston,crn:v1:bluemix:public:quantum-computing:us-east:a/f84b32721d2f4ddfa35b85de7b1230a5:9852b119-18cc-4f58-ac25-2b008a7aeb2f::,
d08p03qorbds73c1s6g0,c8f55a91-133f-4aa3-84ae-03b8fb0291ea,Completed,,2025-04-30T02:50:55.101239Z,13,estimator,ibm_kingston,crn:v1:bluemix:public:quantum-computing:us-east:a/f84b32721d2f4ddfa35b85de7b1230a5:9852b119-18cc-4f58-ac25-2b008a7aeb2f::,
d08ovvec80ps73dcev20,c8f55a91-133f-4aa3-84ae-03b8fb0291ea,Completed,,2025-04-30T02:50:37.241928Z,13,estimator,ibm_kingston,crn:v1:bluemix:public:quantum-computing:us-east:a/f84b32721d2f4ddfa35b85de7b1230a5:9852b119-18cc-4f58-ac25-2b008a7aeb2f::,
d08ovqnmcmsc738imgsg,c8f55a91-133f-4aa3-84ae-03b8fb0291ea,Completed,,2025-04-30T02:50:19.003098Z,13,estimator,ibm_kingston,crn:v1:bluemix:public:quantum-computing:us-east:a/f84b32721d2f4ddfa35b85de7b1230a5:9852b119-18cc-4f58-ac25-2b008a7aeb2f::,
d08ovmec80ps73dceuog,c8f55a91-133f-4aa3-84ae-03b8fb0291ea,Completed,,2025-04-30T02:50:01.228983Z,13,estimator,ibm_kingston,crn:v1:bluemix:public:quantum-computing:us-east:a/f84b32721d2f4ddfa35b85de7b1230a5:9852b119-18cc-4f58-ac25-2b008a7aeb2f::,
d08ovhvmcmsc738imgjg,c8f55a91-133f-4aa3-84ae-03b8fb0291ea,Completed,,2025-04-30T02:49:43.223453Z,13,estimator,ibm_kingston,crn:v1:bluemix:public:quantum-computing:us-east:a/f84b32721d2f4ddfa35b85de7b1230a5:9852b119-18cc-4f58-ac25-2b008a7aeb2f::,
d08ovdfmcmsc738imgf0,c8f55a91-133f-4aa3-84ae-03b8fb0291ea,Completed,,2025-04-30T02:49:25.352985Z,13,estimator,ibm_kingston,crn:v1:bluemix:public:quantum-computing:us-east:a/f84b32721d2f4ddfa35b85de7b1230a5:9852b119-18cc-4f58-ac25-2b008a7aeb2f::,
d08ov8vmcmsc738imga0,c8f55a91-133f-4aa3-84ae-03b8fb0291ea,Completed,,2025-04-30T02:49:07.614315Z,13,estimator,ibm_kingston,crn:v1:bluemix:public:quantum-computing:us-east:a/f84b32721d2f4ddfa35b85de7b1230a5:9852b119-18cc-4f58-ac25-2b008a7aeb2f::,
d08ov4c2ct5s73dt2tfg,c8f55a91-133f-4aa3-84ae-03b8fb0291ea,Completed,,2025-04-30T02:48:49.862701Z,13,estimator,ibm_kingston,crn:v1:bluemix:public:quantum-computing:us-east:a/f84b32721d2f4ddfa35b85de7b1230a5:9852b119-18cc-4f58-ac25-2b008a7aeb2f::,
d08ouvuc80ps73dceu2g,c8f55a91-133f-4aa3-84ae-03b8fb0291ea,Completed,,2025-04-30T02:48:31.631895Z,13,estimator,ibm_kingston,crn:v1:bluemix:public:quantum-computing:us-east:a/f84b32721d2f4ddfa35b85de7b1230a5:9852b119-18cc-4f58-ac25-2b008a7aeb2f::,
d08ourc2ct5s73dt2t70,c8f55a91-133f-4aa3-84ae-03b8fb0291ea,Completed,,2025-04-30T02:48:13.636544Z,13,estimator,ibm_kingston,crn:v1:bluemix:public:quantum-computing:us-east:a/f84b32721d2f4ddfa35b85de7b1230a5:9852b119-18cc-4f58-ac25-2b008a7aeb2f::,
d08oumqorbds73c1s560,c8f55a91-133f-4aa3-84ae-03b8fb0291ea,Completed,,2025-04-30T02:47:55.738112Z,13,estimator,ibm_kingston,crn:v1:bluemix:public:quantum-computing:us-east:a/f84b32721d2f4ddfa35b85de7b1230a5:9852b119-18cc-4f58-ac25-2b008a7aeb2f::,
d08ouifmcmsc738imfkg,c8f55a91-133f-4aa3-84ae-03b8fb0291ea,Completed,,2025-04-30T02:47:37.909043Z,13,estimator,ibm_kingston,crn:v1:bluemix:public:quantum-computing:us-east:a/f84b32721d2f4ddfa35b85de7b1230a5:9852b119-18cc-4f58-ac25-2b008a7aeb2f::,
d08ouduc80ps73dcete0,c8f55a91-133f-4aa3-84ae-03b8fb0291ea,Completed,,2025-04-30T02:47:19.990279Z,13,estimator,ibm_kingston,crn:v1:bluemix:public:quantum-computing:us-east:a/f84b32721d2f4ddfa35b85de7b1230a5:9852b119-18cc-4f58-ac25-2b008a7aeb2f::,
d08ou9c2ct5s73dt2sk0,c8f55a91-133f-4aa3-84ae-03b8fb0291ea,Completed,,2025-04-30T02:47:01.493269Z,13,estimator,ibm_kingston,crn:v1:bluemix:public:quantum-computing:us-east:a/f84b32721d2f4ddfa35b85de7b1230a5:9852b119-18cc-4f58-ac25-2b008a7aeb2f::,
d08ou4s2ct5s73dt2sfg,c8f55a91-133f-4aa3-84ae-03b8fb0291ea,Completed,,2025-04-30T02:46:43.511678Z,13,estimator,ibm_kingston,crn:v1:bluemix:public:quantum-computing:us-east:a/f84b32721d2f4ddfa35b85de7b1230a5:9852b119-18cc-4f58-ac25-2b008a7aeb2f::,
d08ou0ec80ps73dcesvg,c8f55a91-133f-4aa3-84ae-03b8fb0291ea,Completed,,2025-04-30T02:46:25.393391Z,13,estimator,ibm_kingston,crn:v1:bluemix:public:quantum-computing:us-east:a/f84b32721d2f4ddfa35b85de7b1230a5:9852b119-18cc-4f58-ac25-2b008a7aeb2f::,
d08otrvmcmsc738imetg,c8f55a91-133f-4aa3-84ae-03b8fb0291ea,Completed,,2025-04-30T02:46:07.514057Z,13,estimator,ibm_kingston,crn:v1:bluemix:public:quantum-computing:us-east:a/f84b32721d2f4ddfa35b85de7b1230a5:9852b119-18cc-4f58-ac25-2b008a7aeb2f::,
d08otn2orbds73c1s470,c8f55a91-133f-4aa3-84ae-03b8fb0291ea,Completed,,2025-04-30T02:45:48.518927Z,13,estimator,ibm_kingston,crn:v1:bluemix:public:quantum-computing:us-east:a/f84b32721d2f4ddfa35b85de7b1230a5:9852b119-18cc-4f58-ac25-2b008a7aeb2f::,
d08otimc80ps73dcesh0,c8f55a91-133f-4aa3-84ae-03b8fb0291ea,Completed,,2025-04-30T02:45:30.190029Z,13,estimator,ibm_kingston,crn:v1:bluemix:public:quantum-computing:us-east:a/f84b32721d2f4ddfa35b85de7b1230a5:9852b119-18cc-4f58-ac25-2b008a7aeb2f::,
d08otdqorbds73c1s3t0,c8f55a91-133f-4aa3-84ae-03b8fb0291ea,Completed,,2025-04-30T02:45:11.935516Z,13,estimator,ibm_kingston,crn:v1:bluemix:public:quantum-computing:us-east:a/f84b32721d2f4ddfa35b85de7b1230a5:9852b119-18cc-4f58-ac25-2b008a7aeb2f::,
d08ot9c2ct5s73dt2rm0,c8f55a91-133f-4aa3-84ae-03b8fb0291ea,Completed,,2025-04-30T02:44:53.599011Z,13,estimator,ibm_kingston,crn:v1:bluemix:public:quantum-computing:us-east:a/f84b32721d2f4ddfa35b85de7b1230a5:9852b119-18cc-4f58-ac25-2b008a7aeb2f::,
d08ot4vmcmsc738ime70,c8f55a91-133f-4aa3-84ae-03b8fb0291ea,Completed,,2025-04-30T02:44:35.350577Z,13,estimator,ibm_kingston,crn:v1:bluemix:public:quantum-computing:us-east:a/f84b32721d2f4ddfa35b85de7b1230a5:9852b119-18cc-4f58-ac25-2b008a7aeb2f::,
d08ot0aorbds73c1s3e0,c8f55a91-133f-4aa3-84ae-03b8fb0291ea,Completed,,2025-04-30T02:44:17.601277Z,13,estimator,ibm_kingston,crn:v1:bluemix:public:quantum-computing:us-east:a/f84b32721d2f4ddfa35b85de7b1230a5:9852b119-18cc-4f58-ac25-2b008a7aeb2f::,
d08osrqorbds73c1s39g,c8f55a91-133f-4aa3-84ae-03b8fb0291ea,Completed,,2025-04-30T02:43:59.28949Z,13,estimator,ibm_kingston,crn:v1:bluemix:public:quantum-computing:us-east:a/f84b32721d2f4ddfa35b85de7b1230a5:9852b119-18cc-4f58-ac25-2b008a7aeb2f::,
d08osn42ct5s73dt2r20,c8f55a91-133f-4aa3-84ae-03b8fb0291ea,Completed,,2025-04-30T02:43:40.978789Z,13,estimator,ibm_kingston,crn:v1:bluemix:public:quantum-computing:us-east:a/f84b32721d2f4ddfa35b85de7b1230a5:9852b119-18cc-4f58-ac25-2b008a7aeb2f::,
d08osiiorbds73c1s30g,c8f55a91-133f-4aa3-84ae-03b8fb0291ea,Completed,,2025-04-30T02:43:22.574042Z,13,estimator,ibm_kingston,crn:v1:bluemix:public:quantum-computing:us-east:a/f84b32721d2f4ddfa35b85de7b1230a5:9852b119-18cc-4f58-ac25-2b008a7aeb2f::,
d08ose6c80ps73dcerc0,c8f55a91-133f-4aa3-84ae-03b8fb0291ea,Completed,,2025-04-30T02:43:04.573164Z,13,estimator,ibm_kingston,crn:v1:bluemix:public:quantum-computing:us-east:a/f84b32721d2f4ddfa35b85de7b1230a5:9852b119-18cc-4f58-ac25-2b008a7aeb2f::,
d08os9nmcmsc738imd90,c8f55a91-133f-4aa3-84ae-03b8fb0291ea,Completed,,2025-04-30T02:42:46.557623Z,13,estimator,ibm_kingston,crn:v1:bluemix:public:quantum-computing:us-east:a/f84b32721d2f4ddfa35b85de7b1230a5:9852b119-18cc-4f58-ac25-2b008a7aeb2f::,
d08os57mcmsc738imd40,c8f55a91-133f-4aa3-84ae-03b8fb0291ea,Completed,,2025-04-30T02:42:28.684929Z,13,estimator,ibm_kingston,crn:v1:bluemix:public:quantum-computing:us-east:a/f84b32721d2f4ddfa35b85de7b1230a5:9852b119-18cc-4f58-ac25-2b008a7aeb2f::,
d08os0k2ct5s73dt2qc0,c8f55a91-133f-4aa3-84ae-03b8fb0291ea,Completed,,2025-04-30T02:42:10.424271Z,13,estimator,ibm_kingston,crn:v1:bluemix:public:quantum-computing:us-east:a/f84b32721d2f4ddfa35b85de7b1230a5:9852b119-18cc-4f58-ac25-2b008a7aeb2f::,
d08ors42ct5s73dt2q80,c8f55a91-133f-4aa3-84ae-03b8fb0291ea,Completed,,2025-04-30T02:41:52.57115Z,13,estimator,ibm_kingston,crn:v1:bluemix:public:quantum-computing:us-east:a/f84b32721d2f4ddfa35b85de7b1230a5:9852b119-18cc-4f58-ac25-2b008a7aeb2f::,
d08orniorbds73c1s240,c8f55a91-133f-4aa3-84ae-03b8fb0291ea,Completed,,2025-04-30T02:41:34.553011Z,13,estimator,ibm_kingston,crn:v1:bluemix:public:quantum-computing:us-east:a/f84b32721d2f4ddfa35b85de7b1230a5:9852b119-18cc-4f58-ac25-2b008a7aeb2f::,
d08orj7mcmsc738imci0,c8f55a91-133f-4aa3-84ae-03b8fb0291ea,Completed,,2025-04-30T02:41:16.61472Z,13,estimator,ibm_kingston,crn:v1:bluemix:public:quantum-computing:us-east:a/f84b32721d2f4ddfa35b85de7b1230a5:9852b119-18cc-4f58-ac25-2b008a7aeb2f::,
d08orenmcmsc738imcd0,c8f55a91-133f-4aa3-84ae-03b8fb0291ea,Completed,,2025-04-30T02:40:58.332471Z,13,estimator,ibm_kingston,crn:v1:bluemix:public:quantum-computing:us-east:a/f84b32721d2f4ddfa35b85de7b1230a5:9852b119-18cc-4f58-ac25-2b008a7aeb2f::,
d08or9uc80ps73dceq70,c8f55a91-133f-4aa3-84ae-03b8fb0291ea,Completed,,2025-04-30T02:40:40.014038Z,13,estimator,ibm_kingston,crn:v1:bluemix:public:quantum-computing:us-east:a/f84b32721d2f4ddfa35b85de7b1230a5:9852b119-18cc-4f58-ac25-2b008a7aeb2f::,
d08or5ec80ps73dceq2g,c8f55a91-133f-4aa3-84ae-03b8fb0291ea,Completed,,2025-04-30T02:40:21.920277Z,13,estimator,ibm_kingston,crn:v1:bluemix:public:quantum-computing:us-east:a/f84b32721d2f4ddfa35b85de7b1230a5:9852b119-18cc-4f58-ac25-2b008a7aeb2f::,
d08or0s2ct5s73dt2pf0,c8f55a91-133f-4aa3-84ae-03b8fb0291ea,Completed,,2025-04-30T02:40:03.80461Z,13,estimator,ibm_kingston,crn:v1:bluemix:public:quantum-computing:us-east:a/f84b32721d2f4ddfa35b85de7b1230a5:9852b119-18cc-4f58-ac25-2b008a7aeb2f::,
d08oqsfmcmsc738imbq0,c8f55a91-133f-4aa3-84ae-03b8fb0291ea,Completed,,2025-04-30T02:39:45.402415Z,13,estimator,ibm_kingston,crn:v1:bluemix:public:quantum-computing:us-east:a/f84b32721d2f4ddfa35b85de7b1230a5:9852b119-18cc-4f58-ac25-2b008a7aeb2f::,
d08oqnuc80ps73dcepl0,c8f55a91-133f-4aa3-84ae-03b8fb0291ea,Completed,,2025-04-30T02:39:27.401843Z,13,estimator,ibm_kingston,crn:v1:bluemix:public:quantum-computing:us-east:a/f84b32721d2f4ddfa35b85de7b1230a5:9852b119-18cc-4f58-ac25-2b008a7aeb2f::,
d08oqjc2ct5s73dt2p20,c8f55a91-133f-4aa3-84ae-03b8fb0291ea,Completed,,2025-04-30T02:39:09.227023Z,13,estimator,ibm_kingston,crn:v1:bluemix:public:quantum-computing:us-east:a/f84b32721d2f4ddfa35b85de7b1230a5:9852b119-18cc-4f58-ac25-2b008a7aeb2f::,
d08oqeuc80ps73dcepag,c8f55a91-133f-4aa3-84ae-03b8fb0291ea,Completed,,2025-04-30T02:38:51.279565Z,13,estimator,ibm_kingston,crn:v1:bluemix:public:quantum-computing:us-east:a/f84b32721d2f4ddfa35b85de7b1230a5:9852b119-18cc-4f58-ac25-2b008a7aeb2f::,
d08oqaaorbds73c1s0pg,c8f55a91-133f-4aa3-84ae-03b8fb0291ea,Completed,,2025-04-30T02:38:33.305883Z,13,estimator,ibm_kingston,crn:v1:bluemix:public:quantum-computing:us-east:a/f84b32721d2f4ddfa35b85de7b1230a5:9852b119-18cc-4f58-ac25-2b008a7aeb2f::,
d08oq5qorbds73c1s0lg,c8f55a91-133f-4aa3-84ae-03b8fb0291ea,Completed,,2025-04-30T02:38:15.465292Z,13,estimator,ibm_kingston,crn:v1:bluemix:public:quantum-computing:us-east:a/f84b32721d2f4ddfa35b85de7b1230a5:9852b119-18cc-4f58-ac25-2b008a7aeb2f::,
d08oq1aorbds73c1s0gg,c8f55a91-133f-4aa3-84ae-03b8fb0291ea,Completed,,2025-04-30T02:37:57.486203Z,13,estimator,ibm_kingston,crn:v1:bluemix:public:quantum-computing:us-east:a/f84b32721d2f4ddfa35b85de7b1230a5:9852b119-18cc-4f58-ac25-2b008a7aeb2f::,
d08oprfmcmsc738imang,c8f55a91-133f-4aa3-84ae-03b8fb0291ea,Completed,,2025-04-30T02:37:33.592613Z,13,estimator,ibm_kingston,crn:v1:bluemix:public:quantum-computing:us-east:a/f84b32721d2f4ddfa35b85de7b1230a5:9852b119-18cc-4f58-ac25-2b008a7aeb2f::,
d08opmqorbds73c1s06g,c8f55a91-133f-4aa3-84ae-03b8fb0291ea,Completed,,2025-04-30T02:37:15.477723Z,13,estimator,ibm_kingston,crn:v1:bluemix:public:quantum-computing:us-east:a/f84b32721d2f4ddfa35b85de7b1230a5:9852b119-18cc-4f58-ac25-2b008a7aeb2f::,
d08opiec80ps73dceodg,c8f55a91-133f-4aa3-84ae-03b8fb0291ea,Completed,,2025-04-30T02:36:57.385977Z,13,estimator,ibm_kingston,crn:v1:bluemix:public:quantum-computing:us-east:a/f84b32721d2f4ddfa35b85de7b1230a5:9852b119-18cc-4f58-ac25-2b008a7aeb2f::,
d08opdiorbds73c1rvtg,c8f55a91-133f-4aa3-84ae-03b8fb0291ea,Completed,,2025-04-30T02:36:38.422628Z,13,estimator,ibm_kingston,crn:v1:bluemix:public:quantum-computing:us-east:a/f84b32721d2f4ddfa35b85de7b1230a5:9852b119-18cc-4f58-ac25-2b008a7aeb2f::,
d08op92orbds73c1rvog,c8f55a91-133f-4aa3-84ae-03b8fb0291ea,Completed,,2025-04-30T02:36:20.189046Z,13,estimator,ibm_kingston,crn:v1:bluemix:public:quantum-computing:us-east:a/f84b32721d2f4ddfa35b85de7b1230a5:9852b119-18cc-4f58-ac25-2b008a7aeb2f::,
d08op4aorbds73c1rvj0,c8f55a91-133f-4aa3-84ae-03b8fb0291ea,Completed,,2025-04-30T02:36:01.49147Z,13,estimator,ibm_kingston,crn:v1:bluemix:public:quantum-computing:us-east:a/f84b32721d2f4ddfa35b85de7b1230a5:9852b119-18cc-4f58-ac25-2b008a7aeb2f::,
d08oovuc80ps73dcenr0,c8f55a91-133f-4aa3-84ae-03b8fb0291ea,Completed,,2025-04-30T02:35:43.095711Z,13,estimator,ibm_kingston,crn:v1:bluemix:public:quantum-computing:us-east:a/f84b32721d2f4ddfa35b85de7b1230a5:9852b119-18cc-4f58-ac25-2b008a7aeb2f::,
d08olomc80ps73dcekng,c8f55a91-133f-4aa3-84ae-03b8fb0291ea,Completed,,2025-04-30T02:28:50.59439Z,13,estimator,ibm_kingston,crn:v1:bluemix:public:quantum-computing:us-east:a/f84b32721d2f4ddfa35b85de7b1230a5:9852b119-18cc-4f58-ac25-2b008a7aeb2f::,