{
  "id": "64fdb7e3-95a3-4d95-97ab-f7685ebf8589",
  "backend_name": "ibm_kingston",
  "started_at": "2025-04-30T16:06:31.548Z",
  "activated_at": "2025-04-30T16:06:31.548Z",
  "closed_at": "2025-04-30T16:45:23.91Z",
  "last_job_started": "2025-04-30T16:34:01.655Z",
  "last_job_completed": "2025-04-30T16:45:23.939Z",
  "interactive_ttl": 60,
  "max_ttl": 4951,
  "active_ttl": 4951,
  "state": "closed",
  "state_reason": "session_canceled_by_user",
  "accepting_jobs": false,
  "mode": "dedicated",
  "user_id": "IBMid-6980004F83",
  "timestamps": [
    {
      "status": "open",
      "timestamp": "2025-04-30T15:47:20.444Z"
    },
    {
      "status": "active",
      "timestamp": "2025-04-30T16:06:31.548Z"
    },
    {
      "status": "closed",
      "timestamp": "2025-04-30T16:45:23.887699Z"
    }
  ],
  "elapsed_time": 2332.391
}