JobId,SessionId,Status,Reason,Created,Usage (seconds),Type,Compute resource,Instance,Tags
d08oh3c2ct5s73dt2g40,407ebb78-9e03-434b-90e8-99479b53116c,Cancelled,,2025-04-30T02:18:53.530843Z,10,estimator,ibm_kingston,crn:v1:bluemix:public:quantum-computing:us-east:a/f84b32721d2f4ddfa35b85de7b1230a5:9852b119-18cc-4f58-ac25-2b008a7aeb2f::,
d08og5ec80ps73dcef9g,407ebb78-9e03-434b-90e8-99479b53116c,Completed,,2025-04-30T02:16:53.091814Z,108,estimator,ibm_kingston,crn:v1:bluemix:public:quantum-computing:us-east:a/f84b32721d2f4ddfa35b85de7b1230a5:9852b119-18cc-4f58-ac25-2b008a7aeb2f::,
d08of6vmcmsc738im030,407ebb78-9e03-434b-90e8-99479b53116c,Completed,,2025-04-30T02:14:51.83702Z,108,estimator,ibm_kingston,crn:v1:bluemix:public:quantum-computing:us-east:a/f84b32721d2f4ddfa35b85de7b1230a5:9852b119-18cc-4f58-ac25-2b008a7aeb2f::,
d08oe8nmcmsc738ilv0g,407ebb78-9e03-434b-90e8-99479b53116c,Completed,,2025-04-30T02:12:50.145377Z,108,estimator,ibm_kingston,crn:v1:bluemix:public:quantum-computing:us-east:a/f84b32721d2f4ddfa35b85de7b1230a5:9852b119-18cc-4f58-ac25-2b008a7aeb2f::,
d08od9vmcmsc738ilu0g,407ebb78-9e03-434b-90e8-99479b53116c,Completed,,2025-04-30T02:10:48.012473Z,108,estimator,ibm_kingston,crn:v1:bluemix:public:quantum-computing:us-east:a/f84b32721d2f4ddfa35b85de7b1230a5:9852b119-18cc-4f58-ac25-2b008a7aeb2f::,
d08ocbnmcmsc738ilt30,407ebb78-9e03-434b-90e8-99479b53116c,Completed,,2025-04-30T02:08:46.553344Z,108,estimator,ibm_kingston,crn:v1:bluemix:public:quantum-computing:us-east:a/f84b32721d2f4ddfa35b85de7b1230a5:9852b119-18cc-4f58-ac25-2b008a7aeb2f::,
d08obd42ct5s73dt2am0,407ebb78-9e03-434b-90e8-99479b53116c,Completed,,2025-04-30T02:06:44.572308Z,108,estimator,ibm_kingston,crn:v1:bluemix:public:quantum-computing:us-east:a/f84b32721d2f4ddfa35b85de7b1230a5:9852b119-18cc-4f58-ac25-2b008a7aeb2f::,
d08oaenmcmsc738ilra0,407ebb78-9e03-434b-90e8-99479b53116c,Completed,,2025-04-30T02:04:43.004055Z,108,estimator,ibm_kingston,crn:v1:bluemix:public:quantum-computing:us-east:a/f84b32721d2f4ddfa35b85de7b1230a5:9852b119-18cc-4f58-ac25-2b008a7aeb2f::,
d08o9gfmcmsc738ilqag,407ebb78-9e03-434b-90e8-99479b53116c,Completed,,2025-04-30T02:02:41.386326Z,108,estimator,ibm_kingston,crn:v1:bluemix:public:quantum-computing:us-east:a/f84b32721d2f4ddfa35b85de7b1230a5:9852b119-18cc-4f58-ac25-2b008a7aeb2f::,
d08o8hvmcmsc738ilp3g,407ebb78-9e03-434b-90e8-99479b53116c,Completed,,2025-04-30T02:00:39.403292Z,108,estimator,ibm_kingston,crn:v1:bluemix:public:quantum-computing:us-east:a/f84b32721d2f4ddfa35b85de7b1230a5:9852b119-18cc-4f58-ac25-2b008a7aeb2f::,
d08o7ik2ct5s73dt26qg,407ebb78-9e03-434b-90e8-99479b53116c,Completed,,2025-04-30T01:58:34.616596Z,112,estimator,ibm_kingston,crn:v1:bluemix:public:quantum-computing:us-east:a/f84b32721d2f4ddfa35b85de7b1230a5:9852b119-18cc-4f58-ac25-2b008a7aeb2f::,
d08o6kfmcmsc738iln5g,407ebb78-9e03-434b-90e8-99479b53116c,Completed,,2025-04-30T01:56:33.219646Z,108,estimator,ibm_kingston,crn:v1:bluemix:public:quantum-computing:us-east:a/f84b32721d2f4ddfa35b85de7b1230a5:9852b119-18cc-4f58-ac25-2b008a7aeb2f::,
d08o5lvmcmsc738ilma0,407ebb78-9e03-434b-90e8-99479b53116c,Completed,,2025-04-30T01:54:32.082295Z,108,estimator,ibm_kingston,crn:v1:bluemix:public:quantum-computing:us-east:a/f84b32721d2f4ddfa35b85de7b1230a5:9852b119-18cc-4f58-ac25-2b008a7aeb2f::,
d08o4nmc80ps73dce400,407ebb78-9e03-434b-90e8-99479b53116c,Completed,,2025-04-30T01:52:30.55753Z,108,estimator,ibm_kingston,crn:v1:bluemix:public:quantum-computing:us-east:a/f84b32721d2f4ddfa35b85de7b1230a5:9852b119-18cc-4f58-ac25-2b008a7aeb2f::,
d08o3p42ct5s73dt23ag,407ebb78-9e03-434b-90e8-99479b53116c,Completed,,2025-04-30T01:50:28.473916Z,108,estimator,ibm_kingston,crn:v1:bluemix:public:quantum-computing:us-east:a/f84b32721d2f4ddfa35b85de7b1230a5:9852b119-18cc-4f58-ac25-2b008a7aeb2f::,
d08o2quc80ps73dce270,407ebb78-9e03-434b-90e8-99479b53116c,Completed,,2025-04-30T01:48:27.096477Z,108,estimator,ibm_kingston,crn:v1:bluemix:public:quantum-computing:us-east:a/f84b32721d2f4ddfa35b85de7b1230a5:9852b119-18cc-4f58-ac25-2b008a7aeb2f::,
d08o1saorbds73c1r970,407ebb78-9e03-434b-90e8-99479b53116c,Completed,,2025-04-30T01:46:25.354191Z,108,estimator,ibm_kingston,crn:v1:bluemix:public:quantum-computing:us-east:a/f84b32721d2f4ddfa35b85de7b1230a5:9852b119-18cc-4f58-ac25-2b008a7aeb2f::,
d08o0u6c80ps73dce0fg,407ebb78-9e03-434b-90e8-99479b53116c,Completed,,2025-04-30T01:44:24.247291Z,108,estimator,ibm_kingston,crn:v1:bluemix:public:quantum-computing:us-east:a/f84b32721d2f4ddfa35b85de7b1230a5:9852b119-18cc-4f58-ac25-2b008a7aeb2f::,
d08nvvuc80ps73dcdvjg,407ebb78-9e03-434b-90e8-99479b53116c,Completed,,2025-04-30T01:42:23.231693Z,108,estimator,ibm_kingston,crn:v1:bluemix:public:quantum-computing:us-east:a/f84b32721d2f4ddfa35b85de7b1230a5:9852b119-18cc-4f58-ac25-2b008a7aeb2f::,
d08nv1aorbds73c1r6j0,407ebb78-9e03-434b-90e8-99479b53116c,Completed,,2025-04-30T01:40:21.543398Z,108,estimator,ibm_kingston,crn:v1:bluemix:public:quantum-computing:us-east:a/f84b32721d2f4ddfa35b85de7b1230a5:9852b119-18cc-4f58-ac25-2b008a7aeb2f::,
d08nu2vmcmsc738ilfb0,407ebb78-9e03-434b-90e8-99479b53116c,Completed,,2025-04-30T01:38:19.624268Z,108,estimator,ibm_kingston,crn:v1:bluemix:public:quantum-computing:us-east:a/f84b32721d2f4ddfa35b85de7b1230a5:9852b119-18cc-4f58-ac25-2b008a7aeb2f::,
d08nt4mc80ps73dcdstg,407ebb78-9e03-434b-90e8-99479b53116c,Completed,,2025-04-30T01:36:18.85102Z,108,estimator,ibm_kingston,crn:v1:bluemix:public:quantum-computing:us-east:a/f84b32721d2f4ddfa35b85de7b1230a5:9852b119-18cc-4f58-ac25-2b008a7aeb2f::,
d08ns6fmcmsc738ildfg,407ebb78-9e03-434b-90e8-99479b53116c,Completed,,2025-04-30T01:34:17.736846Z,108,estimator,ibm_kingston,crn:v1:bluemix:public:quantum-computing:us-east:a/f84b32721d2f4ddfa35b85de7b1230a5:9852b119-18cc-4f58-ac25-2b008a7aeb2f::,
d08nr842ct5s73dt1rdg,407ebb78-9e03-434b-90e8-99479b53116c,Completed,,2025-04-30T01:32:16.440497Z,108,estimator,ibm_kingston,crn:v1:bluemix:public:quantum-computing:us-east:a/f84b32721d2f4ddfa35b85de7b1230a5:9852b119-18cc-4f58-ac25-2b008a7aeb2f::,
d08nq9k2ct5s73dt1qgg,407ebb78-9e03-434b-90e8-99479b53116c,Completed,,2025-04-30T01:30:14.952575Z,108,estimator,ibm_kingston,crn:v1:bluemix:public:quantum-computing:us-east:a/f84b32721d2f4ddfa35b85de7b1230a5:9852b119-18cc-4f58-ac25-2b008a7aeb2f::,
d08npbc2ct5s73dt1pj0,407ebb78-9e03-434b-90e8-99479b53116c,Completed,,2025-04-30T01:28:13.622161Z,108,estimator,ibm_kingston,crn:v1:bluemix:public:quantum-computing:us-east:a/f84b32721d2f4ddfa35b85de7b1230a5:9852b119-18cc-4f58-ac25-2b008a7aeb2f::,
d08nod42ct5s73dt1om0,407ebb78-9e03-434b-90e8-99479b53116c,Completed,,2025-04-30T01:26:12.656254Z,108,estimator,ibm_kingston,crn:v1:bluemix:public:quantum-computing:us-east:a/f84b32721d2f4ddfa35b85de7b1230a5:9852b119-18cc-4f58-ac25-2b008a7aeb2f::,
d08nneuc80ps73dcdnm0,407ebb78-9e03-434b-90e8-99479b53116c,Completed,,2025-04-30T01:24:12.03155Z,108,estimator,ibm_kingston,crn:v1:bluemix:public:quantum-computing:us-east:a/f84b32721d2f4ddfa35b85de7b1230a5:9852b119-18cc-4f58-ac25-2b008a7aeb2f::,
d08nmgmc80ps73dcdmn0,407ebb78-9e03-434b-90e8-99479b53116c,Completed,,2025-04-30T01:22:10.65123Z,108,estimator,ibm_kingston,crn:v1:bluemix:public:quantum-computing:us-east:a/f84b32721d2f4ddfa35b85de7b1230a5:9852b119-18cc-4f58-ac25-2b008a7aeb2f::,
d08nlic2ct5s73dt1lu0,407ebb78-9e03-434b-90e8-99479b53116c,Completed,,2025-04-30T01:20:09.458652Z,108,estimator,ibm_kingston,crn:v1:bluemix:public:quantum-computing:us-east:a/f84b32721d2f4ddfa35b85de7b1230a5:9852b119-18cc-4f58-ac25-2b008a7aeb2f::,
d08nkjqorbds73c1qsbg,407ebb78-9e03-434b-90e8-99479b53116c,Completed,,2025-04-30T01:18:07.839367Z,108,estimator,ibm_kingston,crn:v1:bluemix:public:quantum-computing:us-east:a/f84b32721d2f4ddfa35b85de7b1230a5:9852b119-18cc-4f58-ac25-2b008a7aeb2f::,
d08njliorbds73c1qrcg,407ebb78-9e03-434b-90e8-99479b53116c,Completed,,2025-04-30T01:16:06.901935Z,108,estimator,ibm_kingston,crn:v1:bluemix:public:quantum-computing:us-east:a/f84b32721d2f4ddfa35b85de7b1230a5:9852b119-18cc-4f58-ac25-2b008a7aeb2f::,
d08ninc2ct5s73dt1j40,407ebb78-9e03-434b-90e8-99479b53116c,Completed,,2025-04-30T01:14:05.889172Z,108,estimator,ibm_kingston,crn:v1:bluemix:public:quantum-computing:us-east:a/f84b32721d2f4ddfa35b85de7b1230a5:9852b119-18cc-4f58-ac25-2b008a7aeb2f::,
d08nhp6c80ps73dcdhv0,407ebb78-9e03-434b-90e8-99479b53116c,Completed,,2025-04-30T01:12:04.485548Z,108,estimator,ibm_kingston,crn:v1:bluemix:public:quantum-computing:us-east:a/f84b32721d2f4ddfa35b85de7b1230a5:9852b119-18cc-4f58-ac25-2b008a7aeb2f::,
d08ngqs2ct5s73dt1h8g,407ebb78-9e03-434b-90e8-99479b53116c,Completed,,2025-04-30T01:10:03.249932Z,108,estimator,ibm_kingston,crn:v1:bluemix:public:quantum-computing:us-east:a/f84b32721d2f4ddfa35b85de7b1230a5:9852b119-18cc-4f58-ac25-2b008a7aeb2f::,
d08nfsmc80ps73dcdg00,407ebb78-9e03-434b-90e8-99479b53116c,Completed,,2025-04-30T01:08:02.541156Z,108,estimator,ibm_kingston,crn:v1:bluemix:public:quantum-computing:us-east:a/f84b32721d2f4ddfa35b85de7b1230a5:9852b119-18cc-4f58-ac25-2b008a7aeb2f::,
d08neu7mcmsc738ikvn0,407ebb78-9e03-434b-90e8-99479b53116c,Completed,,2025-04-30T01:06:00.836435Z,108,estimator,ibm_kingston,crn:v1:bluemix:public:quantum-computing:us-east:a/f84b32721d2f4ddfa35b85de7b1230a5:9852b119-18cc-4f58-ac25-2b008a7aeb2f::,
d08ne02orbds73c1qlg0,407ebb78-9e03-434b-90e8-99479b53116c,Completed,,2025-04-30T01:04:00.374141Z,108,estimator,ibm_kingston,crn:v1:bluemix:public:quantum-computing:us-east:a/f84b32721d2f4ddfa35b85de7b1230a5:9852b119-18cc-4f58-ac25-2b008a7aeb2f::,
d08nd1vmcmsc738iktqg,407ebb78-9e03-434b-90e8-99479b53116c,Completed,,2025-04-30T01:01:59.217404Z,108,estimator,ibm_kingston,crn:v1:bluemix:public:quantum-computing:us-east:a/f84b32721d2f4ddfa35b85de7b1230a5:9852b119-18cc-4f58-ac25-2b008a7aeb2f::,
d08nc3fmcmsc738iksq0,407ebb78-9e03-434b-90e8-99479b53116c,Completed,,2025-04-30T00:59:57.383641Z,108,estimator,ibm_kingston,crn:v1:bluemix:public:quantum-computing:us-east:a/f84b32721d2f4ddfa35b85de7b1230a5:9852b119-18cc-4f58-ac25-2b008a7aeb2f::,
d08nb4s2ct5s73dt1bg0,407ebb78-9e03-434b-90e8-99479b53116c,Completed,,2025-04-30T00:57:55.129358Z,108,estimator,ibm_kingston,crn:v1:bluemix:public:quantum-computing:us-east:a/f84b32721d2f4ddfa35b85de7b1230a5:9852b119-18cc-4f58-ac25-2b008a7aeb2f::,
d08na5uc80ps73dcda40,407ebb78-9e03-434b-90e8-99479b53116c,Completed,,2025-04-30T00:55:51.645854Z,108,estimator,ibm_kingston,crn:v1:bluemix:public:quantum-computing:us-east:a/f84b32721d2f4ddfa35b85de7b1230a5:9852b119-18cc-4f58-ac25-2b008a7aeb2f::,
d08n97c2ct5s73dt19k0,407ebb78-9e03-434b-90e8-99479b53116c,Completed,,2025-04-30T00:53:49.835197Z,108,estimator,ibm_kingston,crn:v1:bluemix:public:quantum-computing:us-east:a/f84b32721d2f4ddfa35b85de7b1230a5:9852b119-18cc-4f58-ac25-2b008a7aeb2f::,
d08n896c80ps73dcd870,407ebb78-9e03-434b-90e8-99479b53116c,Completed,,2025-04-30T00:51:48.280121Z,108,estimator,ibm_kingston,crn:v1:bluemix:public:quantum-computing:us-east:a/f84b32721d2f4ddfa35b85de7b1230a5:9852b119-18cc-4f58-ac25-2b008a7aeb2f::,
d08n7aaorbds73c1qepg,407ebb78-9e03-434b-90e8-99479b53116c,Completed,,2025-04-30T00:49:45.755637Z,108,estimator,ibm_kingston,crn:v1:bluemix:public:quantum-computing:us-east:a/f84b32721d2f4ddfa35b85de7b1230a5:9852b119-18cc-4f58-ac25-2b008a7aeb2f::,
d08n6c7mcmsc738ikmsg,407ebb78-9e03-434b-90e8-99479b53116c,Completed,,2025-04-30T00:47:44.610992Z,108,estimator,ibm_kingston,crn:v1:bluemix:public:quantum-computing:us-east:a/f84b32721d2f4ddfa35b85de7b1230a5:9852b119-18cc-4f58-ac25-2b008a7aeb2f::,
d08n5dvmcmsc738iklp0,407ebb78-9e03-434b-90e8-99479b53116c,Completed,,2025-04-30T00:45:43.573025Z,108,estimator,ibm_kingston,crn:v1:bluemix:public:quantum-computing:us-east:a/f84b32721d2f4ddfa35b85de7b1230a5:9852b119-18cc-4f58-ac25-2b008a7aeb2f::,
d08n4fk2ct5s73dt154g,407ebb78-9e03-434b-90e8-99479b53116c,Completed,,2025-04-30T00:43:42.7642Z,108,estimator,ibm_kingston,crn:v1:bluemix:public:quantum-computing:us-east:a/f84b32721d2f4ddfa35b85de7b1230a5:9852b119-18cc-4f58-ac25-2b008a7aeb2f::,
d08n3hec80ps73dcd3g0,407ebb78-9e03-434b-90e8-99479b53116c,Completed,,2025-04-30T00:41:41.472782Z,108,estimator,ibm_kingston,crn:v1:bluemix:public:quantum-computing:us-east:a/f84b32721d2f4ddfa35b85de7b1230a5:9852b119-18cc-4f58-ac25-2b008a7aeb2f::,
d08n2ivmcmsc738ikj20,407ebb78-9e03-434b-90e8-99479b53116c,Completed,,2025-04-30T00:39:39.42954Z,108,estimator,ibm_kingston,crn:v1:bluemix:public:quantum-computing:us-east:a/f84b32721d2f4ddfa35b85de7b1230a5:9852b119-18cc-4f58-ac25-2b008a7aeb2f::,
d08n1kaorbds73c1q9g0,407ebb78-9e03-434b-90e8-99479b53116c,Completed,,2025-04-30T00:37:37.769351Z,108,estimator,ibm_kingston,crn:v1:bluemix:public:quantum-computing:us-east:a/f84b32721d2f4ddfa35b85de7b1230a5:9852b119-18cc-4f58-ac25-2b008a7aeb2f::,
d08n0m2orbds73c1q8l0,407ebb78-9e03-434b-90e8-99479b53116c,Completed,,2025-04-30T00:35:36.339197Z,108,estimator,ibm_kingston,crn:v1:bluemix:public:quantum-computing:us-east:a/f84b32721d2f4ddfa35b85de7b1230a5:9852b119-18cc-4f58-ac25-2b008a7aeb2f::,
d08mvnmc80ps73dccvtg,407ebb78-9e03-434b-90e8-99479b53116c,Completed,,2025-04-30T00:33:34.512673Z,108,estimator,ibm_kingston,crn:v1:bluemix:public:quantum-computing:us-east:a/f84b32721d2f4ddfa35b85de7b1230a5:9852b119-18cc-4f58-ac25-2b008a7aeb2f::,
d08mupfmcmsc738ikfb0,407ebb78-9e03-434b-90e8-99479b53116c,Completed,,2025-04-30T00:31:33.778897Z,108,estimator,ibm_kingston,crn:v1:bluemix:public:quantum-computing:us-east:a/f84b32721d2f4ddfa35b85de7b1230a5:9852b119-18cc-4f58-ac25-2b008a7aeb2f::,
d08mtr2orbds73c1q630,407ebb78-9e03-434b-90e8-99479b53116c,Completed,,2025-04-30T00:29:32.801452Z,108,estimator,ibm_kingston,crn:v1:bluemix:public:quantum-computing:us-east:a/f84b32721d2f4ddfa35b85de7b1230a5:9852b119-18cc-4f58-ac25-2b008a7aeb2f::,
d08msqec80ps73dcct50,407ebb78-9e03-434b-90e8-99479b53116c,Completed,,2025-04-30T00:27:21.612217Z,118,estimator,ibm_kingston,crn:v1:bluemix:public:quantum-computing:us-east:a/f84b32721d2f4ddfa35b85de7b1230a5:9852b119-18cc-4f58-ac25-2b008a7aeb2f::,
d08mrrec80ps73dccs70,407ebb78-9e03-434b-90e8-99479b53116c,Completed,,2025-04-30T00:25:18.039941Z,110,estimator,ibm_kingston,crn:v1:bluemix:public:quantum-computing:us-east:a/f84b32721d2f4ddfa35b85de7b1230a5:9852b119-18cc-4f58-ac25-2b008a7aeb2f::,
d08mqtec80ps73dccrb0,407ebb78-9e03-434b-90e8-99479b53116c,Completed,,2025-04-30T00:23:17.218917Z,108,estimator,ibm_kingston,crn:v1:bluemix:public:quantum-computing:us-east:a/f84b32721d2f4ddfa35b85de7b1230a5:9852b119-18cc-4f58-ac25-2b008a7aeb2f::,
d08mpuvmcmsc738ikapg,407ebb78-9e03-434b-90e8-99479b53116c,Completed,,2025-04-30T00:21:15.713605Z,108,estimator,ibm_kingston,crn:v1:bluemix:public:quantum-computing:us-east:a/f84b32721d2f4ddfa35b85de7b1230a5:9852b119-18cc-4f58-ac25-2b008a7aeb2f::,
d08mp0nmcmsc738ik9ug,407ebb78-9e03-434b-90e8-99479b53116c,Completed,,2025-04-30T00:19:14.70703Z,108,estimator,ibm_kingston,crn:v1:bluemix:public:quantum-computing:us-east:a/f84b32721d2f4ddfa35b85de7b1230a5:9852b119-18cc-4f58-ac25-2b008a7aeb2f::,
d08mo1mc80ps73dccolg,407ebb78-9e03-434b-90e8-99479b53116c,Completed,,2025-04-30T00:17:10.370079Z,110,estimator,ibm_kingston,crn:v1:bluemix:public:quantum-computing:us-east:a/f84b32721d2f4ddfa35b85de7b1230a5:9852b119-18cc-4f58-ac25-2b008a7aeb2f::,