{
  "id": "407ebb78-9e03-434b-90e8-99479b53116c",
  "backend_name": "ibm_kingston",
  "started_at": "2025-04-30T00:17:11.658Z",
  "activated_at": "2025-04-30T00:17:11.658Z",
  "closed_at": "2025-04-30T02:19:50.206Z",
  "last_job_started": "2025-04-30T02:18:53.668Z",
  "last_job_completed": "2025-04-30T02:19:50.232Z",
  "interactive_ttl": 60,
  "max_ttl": 20077,
  "active_ttl": 20077,
  "state": "closed",
  "state_reason": "session_canceled_by_user",
  "accepting_jobs": false,
  "mode": "dedicated",
  "user_id": "IBMid-6980004F83",
  "timestamps": [
    {
      "status": "open",
      "timestamp": "2025-04-30T00:17:09.659Z"
    },
    {
      "status": "active",
      "timestamp": "2025-04-30T00:17:11.658Z"
    },
    {
      "status": "closed",
      "timestamp": "2025-04-30T02:19:50.184399Z"
    }
  ],
  "elapsed_time": 7358.574
}