{
  "id": "ae707405-8482-472a-9526-785eeb265107",
  "backend_name": "ibm_kingston",
  "started_at": "2025-04-30T15:34:11.617Z",
  "activated_at": "2025-04-30T15:34:11.617Z",
  "closed_at": "2025-04-30T16:05:20.517Z",
  "last_job_started": "2025-04-30T16:02:10.387Z",
  "last_job_completed": "2025-04-30T16:05:20.547Z",
  "interactive_ttl": 60,
  "max_ttl": 4951,
  "active_ttl": 4951,
  "state": "closed",
  "state_reason": "session_canceled_by_user",
  "accepting_jobs": false,
  "mode": "dedicated",
  "user_id": "IBMid-6980004F83",
  "timestamps": [
    {
      "status": "open",
      "timestamp": "2025-04-30T15:18:44.888Z"
    },
    {
      "status": "active",
      "timestamp": "2025-04-30T15:34:11.617Z"
    },
    {
      "status": "closed",
      "timestamp": "2025-04-30T16:05:20.493564Z"
    }
  ],
  "elapsed_time": 1868.93
}