JobId,SessionId,Status,Reason,Created,Usage (seconds),Type,Compute resource,Instance,Tags
d094j0k2ct5s73dtedmg,ae707405-8482-472a-9526-785eeb265107,Cancelled,,2025-04-30T16:02:10.259345Z,10,estimator,ibm_kingston,crn:v1:bluemix:public:quantum-computing:us-east:a/f84b32721d2f4ddfa35b85de7b1230a5:9852b119-18cc-4f58-ac25-2b008a7aeb2f::,
d094fo6c80ps73dcq5l0,ae707405-8482-472a-9526-785eeb265107,Completed,,2025-04-30T15:55:13.012292Z,380,estimator,ibm_kingston,crn:v1:bluemix:public:quantum-computing:us-east:a/f84b32721d2f4ddfa35b85de7b1230a5:9852b119-18cc-4f58-ac25-2b008a7aeb2f::,
d094ceuc80ps73dcq28g,ae707405-8482-472a-9526-785eeb265107,Completed,,2025-04-30T15:48:11.404405Z,384,estimator,ibm_kingston,crn:v1:bluemix:public:quantum-computing:us-east:a/f84b32721d2f4ddfa35b85de7b1230a5:9852b119-18cc-4f58-ac25-2b008a7aeb2f::,
d09495uc80ps73dcpv40,ae707405-8482-472a-9526-785eeb265107,Completed,,2025-04-30T15:41:11.57788Z,382,estimator,ibm_kingston,crn:v1:bluemix:public:quantum-computing:us-east:a/f84b32721d2f4ddfa35b85de7b1230a5:9852b119-18cc-4f58-ac25-2b008a7aeb2f::,
d093ulec80ps73dcpkp0,ae707405-8482-472a-9526-785eeb265107,Completed,,2025-04-30T15:18:45.765499Z,382,estimator,ibm_kingston,crn:v1:bluemix:public:quantum-computing:us-east:a/f84b32721d2f4ddfa35b85de7b1230a5:9852b119-18cc-4f58-ac25-2b008a7aeb2f::,