{
  "id": "8779a41f-b5b3-4136-8bd4-bca2aa05de0b",
  "backend_name": "ibm_kingston",
  "started_at": "2025-04-30T17:04:40.298Z",
  "activated_at": "2025-04-30T17:04:40.298Z",
  "closed_at": "2025-04-30T17:07:54.886Z",
  "last_job_started": "2025-04-30T17:07:15.827Z",
  "last_job_completed": "2025-04-30T17:07:54.923Z",
  "interactive_ttl": 60,
  "max_ttl": 749,
  "active_ttl": 749,
  "state": "closed",
  "state_reason": "session_canceled_by_user",
  "accepting_jobs": false,
  "mode": "dedicated",
  "user_id": "IBMid-6980004F83",
  "timestamps": [
    {
      "status": "open",
      "timestamp": "2025-04-30T17:02:53.397Z"
    },
    {
      "status": "active",
      "timestamp": "2025-04-30T17:04:40.298Z"
    },
    {
      "status": "closed",
      "timestamp": "2025-04-30T17:07:54.864182Z"
    }
  ],
  "elapsed_time": 194.625
}