JobId,SessionId,Status,Reason,Created,Usage (seconds),Type,Compute resource,Instance,Tags
d095ftmc80ps73dcr890,af49d420-f1f9-46e3-b922-84dc90afab1d,Cancelled,,2025-04-30T17:03:50.057367Z,29,estimator,ibm_kingston,crn:v1:bluemix:public:quantum-computing:us-east:a/f84b32721d2f4ddfa35b85de7b1230a5:9852b119-18cc-4f58-ac25-2b008a7aeb2f::,
d095fkc2ct5s73dtffmg,af49d420-f1f9-46e3-b922-84dc90afab1d,Completed,,2025-04-30T17:03:14.139941Z,28,estimator,ibm_kingston,crn:v1:bluemix:public:quantum-computing:us-east:a/f84b32721d2f4ddfa35b85de7b1230a5:9852b119-18cc-4f58-ac25-2b008a7aeb2f::,
d095fbiorbds73c28at0,af49d420-f1f9-46e3-b922-84dc90afab1d,Completed,,2025-04-30T17:02:38.223808Z,28,estimator,ibm_kingston,crn:v1:bluemix:public:quantum-computing:us-east:a/f84b32721d2f4ddfa35b85de7b1230a5:9852b119-18cc-4f58-ac25-2b008a7aeb2f::,
d095f2k2ct5s73dtff10,af49d420-f1f9-46e3-b922-84dc90afab1d,Completed,,2025-04-30T17:02:02.346087Z,28,estimator,ibm_kingston,crn:v1:bluemix:public:quantum-computing:us-east:a/f84b32721d2f4ddfa35b85de7b1230a5:9852b119-18cc-4f58-ac25-2b008a7aeb2f::,
d095epmc80ps73dcr74g,af49d420-f1f9-46e3-b922-84dc90afab1d,Completed,,2025-04-30T17:01:26.621805Z,28,estimator,ibm_kingston,crn:v1:bluemix:public:quantum-computing:us-east:a/f84b32721d2f4ddfa35b85de7b1230a5:9852b119-18cc-4f58-ac25-2b008a7aeb2f::,
d095egmc80ps73dcr6qg,af49d420-f1f9-46e3-b922-84dc90afab1d,Completed,,2025-04-30T17:00:50.548194Z,28,estimator,ibm_kingston,crn:v1:bluemix:public:quantum-computing:us-east:a/f84b32721d2f4ddfa35b85de7b1230a5:9852b119-18cc-4f58-ac25-2b008a7aeb2f::,
d095e7ec80ps73dcr6hg,af49d420-f1f9-46e3-b922-84dc90afab1d,Completed,,2025-04-30T17:00:13.521144Z,28,estimator,ibm_kingston,crn:v1:bluemix:public:quantum-computing:us-east:a/f84b32721d2f4ddfa35b85de7b1230a5:9852b119-18cc-4f58-ac25-2b008a7aeb2f::,
d095duaorbds73c28990,af49d420-f1f9-46e3-b922-84dc90afab1d,Completed,,2025-04-30T16:59:37.740268Z,28,estimator,ibm_kingston,crn:v1:bluemix:public:quantum-computing:us-east:a/f84b32721d2f4ddfa35b85de7b1230a5:9852b119-18cc-4f58-ac25-2b008a7aeb2f::,
d0959kc2ct5s73dtf8rg,af49d420-f1f9-46e3-b922-84dc90afab1d,Completed,,2025-04-30T16:50:25.859756Z,28,estimator,ibm_kingston,crn:v1:bluemix:public:quantum-computing:us-east:a/f84b32721d2f4ddfa35b85de7b1230a5:9852b119-18cc-4f58-ac25-2b008a7aeb2f::,