{
  "id": "af49d420-f1f9-46e3-b922-84dc90afab1d",
  "backend_name": "ibm_kingston",
  "started_at": "2025-04-30T16:59:01.817Z",
  "activated_at": "2025-04-30T16:59:01.817Z",
  "closed_at": "2025-04-30T17:04:34.935Z",
  "last_job_started": "2025-04-30T17:03:50.153Z",
  "last_job_completed": "2025-04-30T17:04:34.97Z",
  "interactive_ttl": 60,
  "max_ttl": 3082,
  "active_ttl": 3082,
  "state": "closed",
  "state_reason": "session_canceled_by_user",
  "accepting_jobs": false,
  "mode": "dedicated",
  "user_id": "IBMid-6980004F83",
  "timestamps": [
    {
      "status": "open",
      "timestamp": "2025-04-30T16:50:25.271Z"
    },
    {
      "status": "active",
      "timestamp": "2025-04-30T16:59:01.817Z"
    },
    {
      "status": "closed",
      "timestamp": "2025-04-30T17:04:34.901213Z"
    }
  ],
  "elapsed_time": 333.153
}