{
  "id": "8f8333f6-75a3-4808-9037-4313e01ef2fa",
  "backend_name": "ibm_kingston",
  "started_at": "2025-04-30T17:07:55.389Z",
  "activated_at": "2025-04-30T17:07:55.389Z",
  "closed_at": "2025-04-30T17:12:16.385Z",
  "last_job_started": "2025-04-30T17:12:11.776Z",
  "last_job_completed": "2025-04-30T17:12:16.431Z",
  "interactive_ttl": 60,
  "max_ttl": 749,
  "active_ttl": 749,
  "state": "closed",
  "state_reason": "session_canceled_by_user",
  "accepting_jobs": false,
  "mode": "dedicated",
  "user_id": "IBMid-6980004F83",
  "timestamps": [
    {
      "status": "open",
      "timestamp": "2025-04-30T17:07:51.397Z"
    },
    {
      "status": "active",
      "timestamp": "2025-04-30T17:07:55.389Z"
    },
    {
      "status": "closed",
      "timestamp": "2025-04-30T17:12:16.351908Z"
    }
  ],
  "elapsed_time": 261.042
}