{
  "id": "db63c215-1b60-4c11-a3df-df878b274514",
  "backend_name": "ibm_kingston",
  "started_at": "2025-04-29T13:08:55.34Z",
  "activated_at": "2025-04-29T13:08:55.34Z",
  "closed_at": "2025-04-29T15:08:29.895Z",
  "last_job_started": "2025-04-29T14:16:46.401Z",
  "last_job_completed": "2025-04-29T14:17:06.716Z",
  "interactive_ttl": 60,
  "max_ttl": 28800,
  "active_ttl": 28800,
  "state": "closed",
  "state_reason": "session_canceled_by_user",
  "accepting_jobs": false,
  "mode": "dedicated",
  "user_id": "IBMid-6980004F83",
  "timestamps": [
    {
      "status": "open",
      "timestamp": "2025-04-29T13:08:47.508Z"
    },
    {
      "status": "active",
      "timestamp": "2025-04-29T13:08:55.34Z"
    },
    {
      "status": "inactive",
      "timestamp": "2025-04-29T14:18:27.25Z"
    },
    {
      "status": "closed",
      "timestamp": "2025-04-29T15:08:29.860167Z"
    }
  ],
  "elapsed_time": 8343.82
}