JobId,SessionId,Status,Reason,Created,Usage (seconds),Type,Compute resource,Instance,Tags
d08dujlh8bbs73ef36dg,db63c215-1b60-4c11-a3df-df878b274514,Completed,,2025-04-29T14:16:46.276309Z,16,estimator,ibm_kingston,crn:v1:bluemix:public:quantum-computing:us-east:a/f84b32721d2f4ddfa35b85de7b1230a5:9852b119-18cc-4f58-ac25-2b008a7aeb2f::,
d08due6kt09s73d25uf0,db63c215-1b60-4c11-a3df-df878b274514,Completed,,2025-04-29T14:16:25.165771Z,16,estimator,ibm_kingston,crn:v1:bluemix:public:quantum-computing:us-east:a/f84b32721d2f4ddfa35b85de7b1230a5:9852b119-18cc-4f58-ac25-2b008a7aeb2f::,
d08du8th8bbs73ef363g,db63c215-1b60-4c11-a3df-df878b274514,Completed,,2025-04-29T14:16:03.74225Z,16,estimator,ibm_kingston,crn:v1:bluemix:public:quantum-computing:us-east:a/f84b32721d2f4ddfa35b85de7b1230a5:9852b119-18cc-4f58-ac25-2b008a7aeb2f::,
d08du3d3cuts738vsvng,db63c215-1b60-4c11-a3df-df878b274514,Completed,,2025-04-29T14:15:42.116152Z,16,estimator,ibm_kingston,crn:v1:bluemix:public:quantum-computing:us-east:a/f84b32721d2f4ddfa35b85de7b1230a5:9852b119-18cc-4f58-ac25-2b008a7aeb2f::,
d08dtu5h8bbs73ef35o0,db63c215-1b60-4c11-a3df-df878b274514,Completed,,2025-04-29T14:15:20.652615Z,16,estimator,ibm_kingston,crn:v1:bluemix:public:quantum-computing:us-east:a/f84b32721d2f4ddfa35b85de7b1230a5:9852b119-18cc-4f58-ac25-2b008a7aeb2f::,
d08dtot3cuts738vsvdg,db63c215-1b60-4c11-a3df-df878b274514,Completed,,2025-04-29T14:14:59.46301Z,16,estimator,ibm_kingston,crn:v1:bluemix:public:quantum-computing:us-east:a/f84b32721d2f4ddfa35b85de7b1230a5:9852b119-18cc-4f58-ac25-2b008a7aeb2f::,
d08dtjdh8bbs73ef35e0,db63c215-1b60-4c11-a3df-df878b274514,Completed,,2025-04-29T14:14:37.808476Z,16,estimator,ibm_kingston,crn:v1:bluemix:public:quantum-computing:us-east:a/f84b32721d2f4ddfa35b85de7b1230a5:9852b119-18cc-4f58-ac25-2b008a7aeb2f::,
d08dte5h8bbs73ef3590,db63c215-1b60-4c11-a3df-df878b274514,Completed,,2025-04-29T14:14:16.416954Z,16,estimator,ibm_kingston,crn:v1:bluemix:public:quantum-computing:us-east:a/f84b32721d2f4ddfa35b85de7b1230a5:9852b119-18cc-4f58-ac25-2b008a7aeb2f::,
d08dt8th8bbs73ef3540,db63c215-1b60-4c11-a3df-df878b274514,Completed,,2025-04-29T14:13:55.39711Z,16,estimator,ibm_kingston,crn:v1:bluemix:public:quantum-computing:us-east:a/f84b32721d2f4ddfa35b85de7b1230a5:9852b119-18cc-4f58-ac25-2b008a7aeb2f::,
d08dt053cuts738vsung,db63c215-1b60-4c11-a3df-df878b274514,Completed,,2025-04-29T14:13:20.284392Z,16,estimator,ibm_kingston,crn:v1:bluemix:public:quantum-computing:us-east:a/f84b32721d2f4ddfa35b85de7b1230a5:9852b119-18cc-4f58-ac25-2b008a7aeb2f::,
d08dsqukt09s73d25st0,db63c215-1b60-4c11-a3df-df878b274514,Completed,,2025-04-29T14:12:59.215365Z,16,estimator,ibm_kingston,crn:v1:bluemix:public:quantum-computing:us-east:a/f84b32721d2f4ddfa35b85de7b1230a5:9852b119-18cc-4f58-ac25-2b008a7aeb2f::,
d08dsld3cuts738vsue0,db63c215-1b60-4c11-a3df-df878b274514,Completed,,2025-04-29T14:12:37.661436Z,16,estimator,ibm_kingston,crn:v1:bluemix:public:quantum-computing:us-east:a/f84b32721d2f4ddfa35b85de7b1230a5:9852b119-18cc-4f58-ac25-2b008a7aeb2f::,
d08dsg5h8bbs73ef34e0,db63c215-1b60-4c11-a3df-df878b274514,Completed,,2025-04-29T14:12:16.72778Z,16,estimator,ibm_kingston,crn:v1:bluemix:public:quantum-computing:us-east:a/f84b32721d2f4ddfa35b85de7b1230a5:9852b119-18cc-4f58-ac25-2b008a7aeb2f::,
d08dsat3cuts738vsu3g,db63c215-1b60-4c11-a3df-df878b274514,Completed,,2025-04-29T14:11:55.58461Z,16,estimator,ibm_kingston,crn:v1:bluemix:public:quantum-computing:us-east:a/f84b32721d2f4ddfa35b85de7b1230a5:9852b119-18cc-4f58-ac25-2b008a7aeb2f::,
d08ds5d3cuts738vstug,db63c215-1b60-4c11-a3df-df878b274514,Completed,,2025-04-29T14:11:33.897839Z,16,estimator,ibm_kingston,crn:v1:bluemix:public:quantum-computing:us-east:a/f84b32721d2f4ddfa35b85de7b1230a5:9852b119-18cc-4f58-ac25-2b008a7aeb2f::,
d08ds053cuts738vstp0,db63c215-1b60-4c11-a3df-df878b274514,Completed,,2025-04-29T14:11:12.709374Z,16,estimator,ibm_kingston,crn:v1:bluemix:public:quantum-computing:us-east:a/f84b32721d2f4ddfa35b85de7b1230a5:9852b119-18cc-4f58-ac25-2b008a7aeb2f::,
d08drqt3cuts738vstk0,db63c215-1b60-4c11-a3df-df878b274514,Completed,,2025-04-29T14:10:51.332809Z,16,estimator,ibm_kingston,crn:v1:bluemix:public:quantum-computing:us-east:a/f84b32721d2f4ddfa35b85de7b1230a5:9852b119-18cc-4f58-ac25-2b008a7aeb2f::,
d08drll3cuts738vsteg,db63c215-1b60-4c11-a3df-df878b274514,Completed,,2025-04-29T14:10:30.337566Z,16,estimator,ibm_kingston,crn:v1:bluemix:public:quantum-computing:us-east:a/f84b32721d2f4ddfa35b85de7b1230a5:9852b119-18cc-4f58-ac25-2b008a7aeb2f::,
d08drg5h8bbs73ef33hg,db63c215-1b60-4c11-a3df-df878b274514,Completed,,2025-04-29T14:10:08.649722Z,16,estimator,ibm_kingston,crn:v1:bluemix:public:quantum-computing:us-east:a/f84b32721d2f4ddfa35b85de7b1230a5:9852b119-18cc-4f58-ac25-2b008a7aeb2f::,
d08drat3cuts738vst40,db63c215-1b60-4c11-a3df-df878b274514,Completed,,2025-04-29T14:09:47.45309Z,16,estimator,ibm_kingston,crn:v1:bluemix:public:quantum-computing:us-east:a/f84b32721d2f4ddfa35b85de7b1230a5:9852b119-18cc-4f58-ac25-2b008a7aeb2f::,
d08dr5mkt09s73d25rdg,db63c215-1b60-4c11-a3df-df878b274514,Completed,,2025-04-29T14:09:26.371993Z,16,estimator,ibm_kingston,crn:v1:bluemix:public:quantum-computing:us-east:a/f84b32721d2f4ddfa35b85de7b1230a5:9852b119-18cc-4f58-ac25-2b008a7aeb2f::,
d08dr0d3cuts738vssq0,db63c215-1b60-4c11-a3df-df878b274514,Completed,,2025-04-29T14:09:05.229633Z,16,estimator,ibm_kingston,crn:v1:bluemix:public:quantum-computing:us-east:a/f84b32721d2f4ddfa35b85de7b1230a5:9852b119-18cc-4f58-ac25-2b008a7aeb2f::,
d08dqqt3cuts738vssl0,db63c215-1b60-4c11-a3df-df878b274514,Completed,,2025-04-29T14:08:43.797518Z,16,estimator,ibm_kingston,crn:v1:bluemix:public:quantum-computing:us-east:a/f84b32721d2f4ddfa35b85de7b1230a5:9852b119-18cc-4f58-ac25-2b008a7aeb2f::,
d08dqllmaohc73eabheg,db63c215-1b60-4c11-a3df-df878b274514,Completed,,2025-04-29T14:08:22.215615Z,16,estimator,ibm_kingston,crn:v1:bluemix:public:quantum-computing:us-east:a/f84b32721d2f4ddfa35b85de7b1230a5:9852b119-18cc-4f58-ac25-2b008a7aeb2f::,
d08dqg5maohc73eabh9g,db63c215-1b60-4c11-a3df-df878b274514,Completed,,2025-04-29T14:08:00.973859Z,16,estimator,ibm_kingston,crn:v1:bluemix:public:quantum-computing:us-east:a/f84b32721d2f4ddfa35b85de7b1230a5:9852b119-18cc-4f58-ac25-2b008a7aeb2f::,
d08dqb5maohc73eabh40,db63c215-1b60-4c11-a3df-df878b274514,Completed,,2025-04-29T14:07:40.087033Z,16,estimator,ibm_kingston,crn:v1:bluemix:public:quantum-computing:us-east:a/f84b32721d2f4ddfa35b85de7b1230a5:9852b119-18cc-4f58-ac25-2b008a7aeb2f::,
d08dq5mkt09s73d25qh0,db63c215-1b60-4c11-a3df-df878b274514,Completed,,2025-04-29T14:07:18.378124Z,16,estimator,ibm_kingston,crn:v1:bluemix:public:quantum-computing:us-east:a/f84b32721d2f4ddfa35b85de7b1230a5:9852b119-18cc-4f58-ac25-2b008a7aeb2f::,
d08dq06kt09s73d25qbg,db63c215-1b60-4c11-a3df-df878b274514,Completed,,2025-04-29T14:06:57.137277Z,16,estimator,ibm_kingston,crn:v1:bluemix:public:quantum-computing:us-east:a/f84b32721d2f4ddfa35b85de7b1230a5:9852b119-18cc-4f58-ac25-2b008a7aeb2f::,
d08dpqtmaohc73eabgl0,db63c215-1b60-4c11-a3df-df878b274514,Completed,,2025-04-29T14:06:35.587882Z,16,estimator,ibm_kingston,crn:v1:bluemix:public:quantum-computing:us-east:a/f84b32721d2f4ddfa35b85de7b1230a5:9852b119-18cc-4f58-ac25-2b008a7aeb2f::,
d08dplekt09s73d25q10,db63c215-1b60-4c11-a3df-df878b274514,Completed,,2025-04-29T14:06:13.452238Z,16,estimator,ibm_kingston,crn:v1:bluemix:public:quantum-computing:us-east:a/f84b32721d2f4ddfa35b85de7b1230a5:9852b119-18cc-4f58-ac25-2b008a7aeb2f::,
d08dpg5maohc73eabga0,db63c215-1b60-4c11-a3df-df878b274514,Completed,,2025-04-29T14:05:52.492486Z,16,estimator,ibm_kingston,crn:v1:bluemix:public:quantum-computing:us-east:a/f84b32721d2f4ddfa35b85de7b1230a5:9852b119-18cc-4f58-ac25-2b008a7aeb2f::,
d08dpath8bbs73ef31h0,db63c215-1b60-4c11-a3df-df878b274514,Completed,,2025-04-29T14:05:31.387612Z,16,estimator,ibm_kingston,crn:v1:bluemix:public:quantum-computing:us-east:a/f84b32721d2f4ddfa35b85de7b1230a5:9852b119-18cc-4f58-ac25-2b008a7aeb2f::,
d08dp5lmaohc73eabfvg,db63c215-1b60-4c11-a3df-df878b274514,Completed,,2025-04-29T14:05:10.265963Z,16,estimator,ibm_kingston,crn:v1:bluemix:public:quantum-computing:us-east:a/f84b32721d2f4ddfa35b85de7b1230a5:9852b119-18cc-4f58-ac25-2b008a7aeb2f::,
d08dp06kt09s73d25pcg,db63c215-1b60-4c11-a3df-df878b274514,Completed,,2025-04-29T14:04:48.803921Z,16,estimator,ibm_kingston,crn:v1:bluemix:public:quantum-computing:us-east:a/f84b32721d2f4ddfa35b85de7b1230a5:9852b119-18cc-4f58-ac25-2b008a7aeb2f::,
d08doqukt09s73d25p6g,db63c215-1b60-4c11-a3df-df878b274514,Completed,,2025-04-29T14:04:27.352445Z,16,estimator,ibm_kingston,crn:v1:bluemix:public:quantum-computing:us-east:a/f84b32721d2f4ddfa35b85de7b1230a5:9852b119-18cc-4f58-ac25-2b008a7aeb2f::,
d08dolmkt09s73d25p1g,db63c215-1b60-4c11-a3df-df878b274514,Completed,,2025-04-29T14:04:06.119062Z,16,estimator,ibm_kingston,crn:v1:bluemix:public:quantum-computing:us-east:a/f84b32721d2f4ddfa35b85de7b1230a5:9852b119-18cc-4f58-ac25-2b008a7aeb2f::,
d08dog5h8bbs73ef30ng,db63c215-1b60-4c11-a3df-df878b274514,Completed,,2025-04-29T14:03:44.938653Z,16,estimator,ibm_kingston,crn:v1:bluemix:public:quantum-computing:us-east:a/f84b32721d2f4ddfa35b85de7b1230a5:9852b119-18cc-4f58-ac25-2b008a7aeb2f::,
d08doat3cuts738vsqc0,db63c215-1b60-4c11-a3df-df878b274514,Completed,,2025-04-29T14:03:23.94Z,16,estimator,ibm_kingston,crn:v1:bluemix:public:quantum-computing:us-east:a/f84b32721d2f4ddfa35b85de7b1230a5:9852b119-18cc-4f58-ac25-2b008a7aeb2f::,
d08do5tmaohc73eabf10,db63c215-1b60-4c11-a3df-df878b274514,Completed,,2025-04-29T14:03:03.244513Z,16,estimator,ibm_kingston,crn:v1:bluemix:public:quantum-computing:us-east:a/f84b32721d2f4ddfa35b85de7b1230a5:9852b119-18cc-4f58-ac25-2b008a7aeb2f::,
d08do0dh8bbs73ef3070,db63c215-1b60-4c11-a3df-df878b274514,Completed,,2025-04-29T14:02:41.938033Z,16,estimator,ibm_kingston,crn:v1:bluemix:public:quantum-computing:us-east:a/f84b32721d2f4ddfa35b85de7b1230a5:9852b119-18cc-4f58-ac25-2b008a7aeb2f::,
d08dnr5h8bbs73ef3010,db63c215-1b60-4c11-a3df-df878b274514,Completed,,2025-04-29T14:02:20.89933Z,16,estimator,ibm_kingston,crn:v1:bluemix:public:quantum-computing:us-east:a/f84b32721d2f4ddfa35b85de7b1230a5:9852b119-18cc-4f58-ac25-2b008a7aeb2f::,
d08dnltmaohc73eabehg,db63c215-1b60-4c11-a3df-df878b274514,Completed,,2025-04-29T14:01:59.678421Z,16,estimator,ibm_kingston,crn:v1:bluemix:public:quantum-computing:us-east:a/f84b32721d2f4ddfa35b85de7b1230a5:9852b119-18cc-4f58-ac25-2b008a7aeb2f::,
d08dnglh8bbs73ef2vl0,db63c215-1b60-4c11-a3df-df878b274514,Completed,,2025-04-29T14:01:38.637628Z,16,estimator,ibm_kingston,crn:v1:bluemix:public:quantum-computing:us-east:a/f84b32721d2f4ddfa35b85de7b1230a5:9852b119-18cc-4f58-ac25-2b008a7aeb2f::,
d08dnbdmaohc73eabe7g,db63c215-1b60-4c11-a3df-df878b274514,Completed,,2025-04-29T14:01:17.701604Z,16,estimator,ibm_kingston,crn:v1:bluemix:public:quantum-computing:us-east:a/f84b32721d2f4ddfa35b85de7b1230a5:9852b119-18cc-4f58-ac25-2b008a7aeb2f::,
d08dn66kt09s73d25nk0,db63c215-1b60-4c11-a3df-df878b274514,Completed,,2025-04-29T14:00:56.705416Z,16,estimator,ibm_kingston,crn:v1:bluemix:public:quantum-computing:us-east:a/f84b32721d2f4ddfa35b85de7b1230a5:9852b119-18cc-4f58-ac25-2b008a7aeb2f::,
d08dn0t3cuts738vsp60,db63c215-1b60-4c11-a3df-df878b274514,Completed,,2025-04-29T14:00:35.461522Z,16,estimator,ibm_kingston,crn:v1:bluemix:public:quantum-computing:us-east:a/f84b32721d2f4ddfa35b85de7b1230a5:9852b119-18cc-4f58-ac25-2b008a7aeb2f::,
d08dmrlmaohc73eabdp0,db63c215-1b60-4c11-a3df-df878b274514,Completed,,2025-04-29T14:00:14.090638Z,16,estimator,ibm_kingston,crn:v1:bluemix:public:quantum-computing:us-east:a/f84b32721d2f4ddfa35b85de7b1230a5:9852b119-18cc-4f58-ac25-2b008a7aeb2f::,
d08dmm5maohc73eabdjg,db63c215-1b60-4c11-a3df-df878b274514,Completed,,2025-04-29T13:59:52.89535Z,16,estimator,ibm_kingston,crn:v1:bluemix:public:quantum-computing:us-east:a/f84b32721d2f4ddfa35b85de7b1230a5:9852b119-18cc-4f58-ac25-2b008a7aeb2f::,
d08dmgth8bbs73ef2ul0,db63c215-1b60-4c11-a3df-df878b274514,Completed,,2025-04-29T13:59:31.77013Z,16,estimator,ibm_kingston,crn:v1:bluemix:public:quantum-computing:us-east:a/f84b32721d2f4ddfa35b85de7b1230a5:9852b119-18cc-4f58-ac25-2b008a7aeb2f::,
d08dmbmkt09s73d25mog,db63c215-1b60-4c11-a3df-df878b274514,Completed,,2025-04-29T13:59:10.717819Z,16,estimator,ibm_kingston,crn:v1:bluemix:public:quantum-computing:us-east:a/f84b32721d2f4ddfa35b85de7b1230a5:9852b119-18cc-4f58-ac25-2b008a7aeb2f::,
d08dm65h8bbs73ef2uag,db63c215-1b60-4c11-a3df-df878b274514,Completed,,2025-04-29T13:58:49.051938Z,16,estimator,ibm_kingston,crn:v1:bluemix:public:quantum-computing:us-east:a/f84b32721d2f4ddfa35b85de7b1230a5:9852b119-18cc-4f58-ac25-2b008a7aeb2f::,
d08dm0ukt09s73d25me0,db63c215-1b60-4c11-a3df-df878b274514,Completed,,2025-04-29T13:58:27.614485Z,16,estimator,ibm_kingston,crn:v1:bluemix:public:quantum-computing:us-east:a/f84b32721d2f4ddfa35b85de7b1230a5:9852b119-18cc-4f58-ac25-2b008a7aeb2f::,
d08dlrlmaohc73eabcr0,db63c215-1b60-4c11-a3df-df878b274514,Completed,,2025-04-29T13:58:06.14808Z,16,estimator,ibm_kingston,crn:v1:bluemix:public:quantum-computing:us-east:a/f84b32721d2f4ddfa35b85de7b1230a5:9852b119-18cc-4f58-ac25-2b008a7aeb2f::,
d08dlmdmaohc73eabclg,db63c215-1b60-4c11-a3df-df878b274514,Completed,,2025-04-29T13:57:45.192607Z,16,estimator,ibm_kingston,crn:v1:bluemix:public:quantum-computing:us-east:a/f84b32721d2f4ddfa35b85de7b1230a5:9852b119-18cc-4f58-ac25-2b008a7aeb2f::,
d08dlgtmaohc73eabcfg,db63c215-1b60-4c11-a3df-df878b274514,Completed,,2025-04-29T13:57:23.436738Z,16,estimator,ibm_kingston,crn:v1:bluemix:public:quantum-computing:us-east:a/f84b32721d2f4ddfa35b85de7b1230a5:9852b119-18cc-4f58-ac25-2b008a7aeb2f::,
d08dlbl3cuts738vsneg,db63c215-1b60-4c11-a3df-df878b274514,Completed,,2025-04-29T13:57:02.180149Z,16,estimator,ibm_kingston,crn:v1:bluemix:public:quantum-computing:us-east:a/f84b32721d2f4ddfa35b85de7b1230a5:9852b119-18cc-4f58-ac25-2b008a7aeb2f::,
d08dl653cuts738vsn90,db63c215-1b60-4c11-a3df-df878b274514,Completed,,2025-04-29T13:56:40.695446Z,16,estimator,ibm_kingston,crn:v1:bluemix:public:quantum-computing:us-east:a/f84b32721d2f4ddfa35b85de7b1230a5:9852b119-18cc-4f58-ac25-2b008a7aeb2f::,
d08dl0tmaohc73eabc10,db63c215-1b60-4c11-a3df-df878b274514,Completed,,2025-04-29T13:56:19.137067Z,16,estimator,ibm_kingston,crn:v1:bluemix:public:quantum-computing:us-east:a/f84b32721d2f4ddfa35b85de7b1230a5:9852b119-18cc-4f58-ac25-2b008a7aeb2f::,
d08dkrekt09s73d25lc0,db63c215-1b60-4c11-a3df-df878b274514,Completed,,2025-04-29T13:55:57.406322Z,16,estimator,ibm_kingston,crn:v1:bluemix:public:quantum-computing:us-east:a/f84b32721d2f4ddfa35b85de7b1230a5:9852b119-18cc-4f58-ac25-2b008a7aeb2f::,
d08dklukt09s73d25l70,db63c215-1b60-4c11-a3df-df878b274514,Completed,,2025-04-29T13:55:35.984895Z,16,estimator,ibm_kingston,crn:v1:bluemix:public:quantum-computing:us-east:a/f84b32721d2f4ddfa35b85de7b1230a5:9852b119-18cc-4f58-ac25-2b008a7aeb2f::,
d08dkgd3cuts738vsmjg,db63c215-1b60-4c11-a3df-df878b274514,Completed,,2025-04-29T13:55:14.620392Z,16,estimator,ibm_kingston,crn:v1:bluemix:public:quantum-computing:us-east:a/f84b32721d2f4ddfa35b85de7b1230a5:9852b119-18cc-4f58-ac25-2b008a7aeb2f::,
d08dkatmaohc73eabbd0,db63c215-1b60-4c11-a3df-df878b274514,Completed,,2025-04-29T13:54:52.054816Z,16,estimator,ibm_kingston,crn:v1:bluemix:public:quantum-computing:us-east:a/f84b32721d2f4ddfa35b85de7b1230a5:9852b119-18cc-4f58-ac25-2b008a7aeb2f::,
d08dk5lmaohc73eabb80,db63c215-1b60-4c11-a3df-df878b274514,Completed,,2025-04-29T13:54:30.345726Z,16,estimator,ibm_kingston,crn:v1:bluemix:public:quantum-computing:us-east:a/f84b32721d2f4ddfa35b85de7b1230a5:9852b119-18cc-4f58-ac25-2b008a7aeb2f::,
d08dk0dh8bbs73ef2sa0,db63c215-1b60-4c11-a3df-df878b274514,Completed,,2025-04-29T13:54:09.243863Z,16,estimator,ibm_kingston,crn:v1:bluemix:public:quantum-computing:us-east:a/f84b32721d2f4ddfa35b85de7b1230a5:9852b119-18cc-4f58-ac25-2b008a7aeb2f::,
d08djqukt09s73d25keg,db63c215-1b60-4c11-a3df-df878b274514,Completed,,2025-04-29T13:53:47.639719Z,16,estimator,ibm_kingston,crn:v1:bluemix:public:quantum-computing:us-east:a/f84b32721d2f4ddfa35b85de7b1230a5:9852b119-18cc-4f58-ac25-2b008a7aeb2f::,
d08djllh8bbs73ef2qgg,db63c215-1b60-4c11-a3df-df878b274514,Completed,,2025-04-29T13:53:26.504195Z,16,estimator,ibm_kingston,crn:v1:bluemix:public:quantum-computing:us-east:a/f84b32721d2f4ddfa35b85de7b1230a5:9852b119-18cc-4f58-ac25-2b008a7aeb2f::,
d08djfukt09s73d25ii0,db63c215-1b60-4c11-a3df-df878b274514,Completed,,2025-04-29T13:53:03.333455Z,18,estimator,ibm_kingston,crn:v1:bluemix:public:quantum-computing:us-east:a/f84b32721d2f4ddfa35b85de7b1230a5:9852b119-18cc-4f58-ac25-2b008a7aeb2f::,
d08dj76kt09s73d25i90,db63c215-1b60-4c11-a3df-df878b274514,Completed,,2025-04-29T13:52:29.042956Z,16,estimator,ibm_kingston,crn:v1:bluemix:public:quantum-computing:us-east:a/f84b32721d2f4ddfa35b85de7b1230a5:9852b119-18cc-4f58-ac25-2b008a7aeb2f::,
d08dj0dmaohc73eab8lg,db63c215-1b60-4c11-a3df-df878b274514,Completed,,2025-04-29T13:52:01.896264Z,16,estimator,ibm_kingston,crn:v1:bluemix:public:quantum-computing:us-east:a/f84b32721d2f4ddfa35b85de7b1230a5:9852b119-18cc-4f58-ac25-2b008a7aeb2f::,
d08dir6kt09s73d25hs0,db63c215-1b60-4c11-a3df-df878b274514,Completed,,2025-04-29T13:51:40.414271Z,16,estimator,ibm_kingston,crn:v1:bluemix:public:quantum-computing:us-east:a/f84b32721d2f4ddfa35b85de7b1230a5:9852b119-18cc-4f58-ac25-2b008a7aeb2f::,
d08dill3cuts738vsjbg,db63c215-1b60-4c11-a3df-df878b274514,Completed,,2025-04-29T13:51:18.852363Z,16,estimator,ibm_kingston,crn:v1:bluemix:public:quantum-computing:us-east:a/f84b32721d2f4ddfa35b85de7b1230a5:9852b119-18cc-4f58-ac25-2b008a7aeb2f::,
d08digdh8bbs73ef2p70,db63c215-1b60-4c11-a3df-df878b274514,Completed,,2025-04-29T13:50:57.702564Z,16,estimator,ibm_kingston,crn:v1:bluemix:public:quantum-computing:us-east:a/f84b32721d2f4ddfa35b85de7b1230a5:9852b119-18cc-4f58-ac25-2b008a7aeb2f::,
d08dib6kt09s73d25hd0,db63c215-1b60-4c11-a3df-df878b274514,Completed,,2025-04-29T13:50:36.500421Z,16,estimator,ibm_kingston,crn:v1:bluemix:public:quantum-computing:us-east:a/f84b32721d2f4ddfa35b85de7b1230a5:9852b119-18cc-4f58-ac25-2b008a7aeb2f::,
d08di5lmaohc73eab7t0,db63c215-1b60-4c11-a3df-df878b274514,Completed,,2025-04-29T13:50:14.263581Z,16,estimator,ibm_kingston,crn:v1:bluemix:public:quantum-computing:us-east:a/f84b32721d2f4ddfa35b85de7b1230a5:9852b119-18cc-4f58-ac25-2b008a7aeb2f::,
d08di05h8bbs73ef2on0,db63c215-1b60-4c11-a3df-df878b274514,Completed,,2025-04-29T13:49:52.993251Z,16,estimator,ibm_kingston,crn:v1:bluemix:public:quantum-computing:us-east:a/f84b32721d2f4ddfa35b85de7b1230a5:9852b119-18cc-4f58-ac25-2b008a7aeb2f::,
d08dhqth8bbs73ef2of0,db63c215-1b60-4c11-a3df-df878b274514,Completed,,2025-04-29T13:49:31.801762Z,16,estimator,ibm_kingston,crn:v1:bluemix:public:quantum-computing:us-east:a/f84b32721d2f4ddfa35b85de7b1230a5:9852b119-18cc-4f58-ac25-2b008a7aeb2f::,
d08dhlmkt09s73d25gjg,db63c215-1b60-4c11-a3df-df878b274514,Completed,,2025-04-29T13:49:10.723688Z,16,estimator,ibm_kingston,crn:v1:bluemix:public:quantum-computing:us-east:a/f84b32721d2f4ddfa35b85de7b1230a5:9852b119-18cc-4f58-ac25-2b008a7aeb2f::,
d08dhgdh8bbs73ef2o20,db63c215-1b60-4c11-a3df-df878b274514,Completed,,2025-04-29T13:48:49.427396Z,16,estimator,ibm_kingston,crn:v1:bluemix:public:quantum-computing:us-east:a/f84b32721d2f4ddfa35b85de7b1230a5:9852b119-18cc-4f58-ac25-2b008a7aeb2f::,
d08dhb53cuts738vshs0,db63c215-1b60-4c11-a3df-df878b274514,Completed,,2025-04-29T13:48:28.083513Z,16,estimator,ibm_kingston,crn:v1:bluemix:public:quantum-computing:us-east:a/f84b32721d2f4ddfa35b85de7b1230a5:9852b119-18cc-4f58-ac25-2b008a7aeb2f::,
d08dh5lh8bbs73ef2nk0,db63c215-1b60-4c11-a3df-df878b274514,Completed,,2025-04-29T13:48:06.973895Z,16,estimator,ibm_kingston,crn:v1:bluemix:public:quantum-computing:us-east:a/f84b32721d2f4ddfa35b85de7b1230a5:9852b119-18cc-4f58-ac25-2b008a7aeb2f::,
d08dh0d3cuts738vshd0,db63c215-1b60-4c11-a3df-df878b274514,Completed,,2025-04-29T13:47:45.183525Z,16,estimator,ibm_kingston,crn:v1:bluemix:public:quantum-computing:us-east:a/f84b32721d2f4ddfa35b85de7b1230a5:9852b119-18cc-4f58-ac25-2b008a7aeb2f::,
d08dgqth8bbs73ef2n7g,db63c215-1b60-4c11-a3df-df878b274514,Completed,,2025-04-29T13:47:23.883127Z,16,estimator,ibm_kingston,crn:v1:bluemix:public:quantum-computing:us-east:a/f84b32721d2f4ddfa35b85de7b1230a5:9852b119-18cc-4f58-ac25-2b008a7aeb2f::,
d08dglukt09s73d25fbg,db63c215-1b60-4c11-a3df-df878b274514,Completed,,2025-04-29T13:47:03.046038Z,16,estimator,ibm_kingston,crn:v1:bluemix:public:quantum-computing:us-east:a/f84b32721d2f4ddfa35b85de7b1230a5:9852b119-18cc-4f58-ac25-2b008a7aeb2f::,
d08dggekt09s73d25f40,db63c215-1b60-4c11-a3df-df878b274514,Completed,,2025-04-29T13:46:41.55285Z,16,estimator,ibm_kingston,crn:v1:bluemix:public:quantum-computing:us-east:a/f84b32721d2f4ddfa35b85de7b1230a5:9852b119-18cc-4f58-ac25-2b008a7aeb2f::,
d08dgatmaohc73eab5ng,db63c215-1b60-4c11-a3df-df878b274514,Completed,,2025-04-29T13:46:20.041432Z,16,estimator,ibm_kingston,crn:v1:bluemix:public:quantum-computing:us-east:a/f84b32721d2f4ddfa35b85de7b1230a5:9852b119-18cc-4f58-ac25-2b008a7aeb2f::,
d08dg5mkt09s73d25ekg,db63c215-1b60-4c11-a3df-df878b274514,Completed,,2025-04-29T13:45:58.625386Z,16,estimator,ibm_kingston,crn:v1:bluemix:public:quantum-computing:us-east:a/f84b32721d2f4ddfa35b85de7b1230a5:9852b119-18cc-4f58-ac25-2b008a7aeb2f::,
d08dg0dh8bbs73ef2m80,db63c215-1b60-4c11-a3df-df878b274514,Completed,,2025-04-29T13:45:37.325294Z,16,estimator,ibm_kingston,crn:v1:bluemix:public:quantum-computing:us-east:a/f84b32721d2f4ddfa35b85de7b1230a5:9852b119-18cc-4f58-ac25-2b008a7aeb2f::,
d08dfqth8bbs73ef2m20,db63c215-1b60-4c11-a3df-df878b274514,Completed,,2025-04-29T13:45:15.891115Z,16,estimator,ibm_kingston,crn:v1:bluemix:public:quantum-computing:us-east:a/f84b32721d2f4ddfa35b85de7b1230a5:9852b119-18cc-4f58-ac25-2b008a7aeb2f::,
d08dfllh8bbs73ef2lr0,db63c215-1b60-4c11-a3df-df878b274514,Completed,,2025-04-29T13:44:54.697897Z,16,estimator,ibm_kingston,crn:v1:bluemix:public:quantum-computing:us-east:a/f84b32721d2f4ddfa35b85de7b1230a5:9852b119-18cc-4f58-ac25-2b008a7aeb2f::,
d08dfgdmaohc73eab4og,db63c215-1b60-4c11-a3df-df878b274514,Completed,,2025-04-29T13:44:33.959771Z,16,estimator,ibm_kingston,crn:v1:bluemix:public:quantum-computing:us-east:a/f84b32721d2f4ddfa35b85de7b1230a5:9852b119-18cc-4f58-ac25-2b008a7aeb2f::,
d08dfbd3cuts738vsfbg,db63c215-1b60-4c11-a3df-df878b274514,Completed,,2025-04-29T13:44:13.290777Z,16,estimator,ibm_kingston,crn:v1:bluemix:public:quantum-computing:us-east:a/f84b32721d2f4ddfa35b85de7b1230a5:9852b119-18cc-4f58-ac25-2b008a7aeb2f::,
d08df5tmaohc73eab4cg,db63c215-1b60-4c11-a3df-df878b274514,Completed,,2025-04-29T13:43:51.993578Z,16,estimator,ibm_kingston,crn:v1:bluemix:public:quantum-computing:us-east:a/f84b32721d2f4ddfa35b85de7b1230a5:9852b119-18cc-4f58-ac25-2b008a7aeb2f::,
d08df0mkt09s73d25dag,db63c215-1b60-4c11-a3df-df878b274514,Completed,,2025-04-29T13:43:31.055469Z,16,estimator,ibm_kingston,crn:v1:bluemix:public:quantum-computing:us-east:a/f84b32721d2f4ddfa35b85de7b1230a5:9852b119-18cc-4f58-ac25-2b008a7aeb2f::,
d08derekt09s73d25d2g,db63c215-1b60-4c11-a3df-df878b274514,Completed,,2025-04-29T13:43:10.105827Z,16,estimator,ibm_kingston,crn:v1:bluemix:public:quantum-computing:us-east:a/f84b32721d2f4ddfa35b85de7b1230a5:9852b119-18cc-4f58-ac25-2b008a7aeb2f::,
d08dem5h8bbs73ef2kl0,db63c215-1b60-4c11-a3df-df878b274514,Completed,,2025-04-29T13:42:48.691161Z,16,estimator,ibm_kingston,crn:v1:bluemix:public:quantum-computing:us-east:a/f84b32721d2f4ddfa35b85de7b1230a5:9852b119-18cc-4f58-ac25-2b008a7aeb2f::,
d08degt3cuts738vsecg,db63c215-1b60-4c11-a3df-df878b274514,Completed,,2025-04-29T13:42:27.234528Z,16,estimator,ibm_kingston,crn:v1:bluemix:public:quantum-computing:us-east:a/f84b32721d2f4ddfa35b85de7b1230a5:9852b119-18cc-4f58-ac25-2b008a7aeb2f::,
d08debd3cuts738vsdvg,db63c215-1b60-4c11-a3df-df878b274514,Completed,,2025-04-29T13:42:05.911749Z,16,estimator,ibm_kingston,crn:v1:bluemix:public:quantum-computing:us-east:a/f84b32721d2f4ddfa35b85de7b1230a5:9852b119-18cc-4f58-ac25-2b008a7aeb2f::,
d08de5th8bbs73ef2jjg,db63c215-1b60-4c11-a3df-df878b274514,Completed,,2025-04-29T13:41:43.826966Z,16,estimator,ibm_kingston,crn:v1:bluemix:public:quantum-computing:us-east:a/f84b32721d2f4ddfa35b85de7b1230a5:9852b119-18cc-4f58-ac25-2b008a7aeb2f::,
d08de0lh8bbs73ef2jeg,db63c215-1b60-4c11-a3df-df878b274514,Completed,,2025-04-29T13:41:22.717366Z,16,estimator,ibm_kingston,crn:v1:bluemix:public:quantum-computing:us-east:a/f84b32721d2f4ddfa35b85de7b1230a5:9852b119-18cc-4f58-ac25-2b008a7aeb2f::,
d08ddrdh8bbs73ef2j9g,db63c215-1b60-4c11-a3df-df878b274514,Completed,,2025-04-29T13:41:01.689289Z,16,estimator,ibm_kingston,crn:v1:bluemix:public:quantum-computing:us-east:a/f84b32721d2f4ddfa35b85de7b1230a5:9852b119-18cc-4f58-ac25-2b008a7aeb2f::,
d08ddl5h8bbs73ef2j2g,db63c215-1b60-4c11-a3df-df878b274514,Completed,,2025-04-29T13:40:36.050653Z,20,estimator,ibm_kingston,crn:v1:bluemix:public:quantum-computing:us-east:a/f84b32721d2f4ddfa35b85de7b1230a5:9852b119-18cc-4f58-ac25-2b008a7aeb2f::,
d08ddflmaohc73eab26g,db63c215-1b60-4c11-a3df-df878b274514,Completed,,2025-04-29T13:40:15.15245Z,16,estimator,ibm_kingston,crn:v1:bluemix:public:quantum-computing:us-east:a/f84b32721d2f4ddfa35b85de7b1230a5:9852b119-18cc-4f58-ac25-2b008a7aeb2f::,
d08ddalmaohc73eab210,db63c215-1b60-4c11-a3df-df878b274514,Completed,,2025-04-29T13:39:54.334094Z,16,estimator,ibm_kingston,crn:v1:bluemix:public:quantum-computing:us-east:a/f84b32721d2f4ddfa35b85de7b1230a5:9852b119-18cc-4f58-ac25-2b008a7aeb2f::,
d08dd5dh8bbs73ef2iig,db63c215-1b60-4c11-a3df-df878b274514,Completed,,2025-04-29T13:39:33.736606Z,16,estimator,ibm_kingston,crn:v1:bluemix:public:quantum-computing:us-east:a/f84b32721d2f4ddfa35b85de7b1230a5:9852b119-18cc-4f58-ac25-2b008a7aeb2f::,
d08dd06kt09s73d25aq0,db63c215-1b60-4c11-a3df-df878b274514,Completed,,2025-04-29T13:39:12.806407Z,16,estimator,ibm_kingston,crn:v1:bluemix:public:quantum-computing:us-east:a/f84b32721d2f4ddfa35b85de7b1230a5:9852b119-18cc-4f58-ac25-2b008a7aeb2f::,
d08dcqt3cuts738vsch0,db63c215-1b60-4c11-a3df-df878b274514,Completed,,2025-04-29T13:38:51.307298Z,16,estimator,ibm_kingston,crn:v1:bluemix:public:quantum-computing:us-east:a/f84b32721d2f4ddfa35b85de7b1230a5:9852b119-18cc-4f58-ac25-2b008a7aeb2f::,
d08dcll3cuts738vscb0,db63c215-1b60-4c11-a3df-df878b274514,Completed,,2025-04-29T13:38:30.497669Z,16,estimator,ibm_kingston,crn:v1:bluemix:public:quantum-computing:us-east:a/f84b32721d2f4ddfa35b85de7b1230a5:9852b119-18cc-4f58-ac25-2b008a7aeb2f::,
d08dcgdh8bbs73ef2htg,db63c215-1b60-4c11-a3df-df878b274514,Completed,,2025-04-29T13:38:09.618833Z,16,estimator,ibm_kingston,crn:v1:bluemix:public:quantum-computing:us-east:a/f84b32721d2f4ddfa35b85de7b1230a5:9852b119-18cc-4f58-ac25-2b008a7aeb2f::,
d08dcb6kt09s73d25a5g,db63c215-1b60-4c11-a3df-df878b274514,Completed,,2025-04-29T13:37:48.692864Z,16,estimator,ibm_kingston,crn:v1:bluemix:public:quantum-computing:us-east:a/f84b32721d2f4ddfa35b85de7b1230a5:9852b119-18cc-4f58-ac25-2b008a7aeb2f::,
d08dc5t3cuts738vsbs0,db63c215-1b60-4c11-a3df-df878b274514,Completed,,2025-04-29T13:37:27.674769Z,16,estimator,ibm_kingston,crn:v1:bluemix:public:quantum-computing:us-east:a/f84b32721d2f4ddfa35b85de7b1230a5:9852b119-18cc-4f58-ac25-2b008a7aeb2f::,
d08dc0mkt09s73d259rg,db63c215-1b60-4c11-a3df-df878b274514,Completed,,2025-04-29T13:37:06.798393Z,16,estimator,ibm_kingston,crn:v1:bluemix:public:quantum-computing:us-east:a/f84b32721d2f4ddfa35b85de7b1230a5:9852b119-18cc-4f58-ac25-2b008a7aeb2f::,
d08dbrmkt09s73d259m0,db63c215-1b60-4c11-a3df-df878b274514,Completed,,2025-04-29T13:36:46.107916Z,16,estimator,ibm_kingston,crn:v1:bluemix:public:quantum-computing:us-east:a/f84b32721d2f4ddfa35b85de7b1230a5:9852b119-18cc-4f58-ac25-2b008a7aeb2f::,
d08dbmd3cuts738vsbcg,db63c215-1b60-4c11-a3df-df878b274514,Completed,,2025-04-29T13:36:25.118335Z,16,estimator,ibm_kingston,crn:v1:bluemix:public:quantum-computing:us-east:a/f84b32721d2f4ddfa35b85de7b1230a5:9852b119-18cc-4f58-ac25-2b008a7aeb2f::,
d08dbh5maohc73eab0b0,db63c215-1b60-4c11-a3df-df878b274514,Completed,,2025-04-29T13:36:04.146502Z,16,estimator,ibm_kingston,crn:v1:bluemix:public:quantum-computing:us-east:a/f84b32721d2f4ddfa35b85de7b1230a5:9852b119-18cc-4f58-ac25-2b008a7aeb2f::,
d08dbbt3cuts738vsb2g,db63c215-1b60-4c11-a3df-df878b274514,Completed,,2025-04-29T13:35:43.042476Z,16,estimator,ibm_kingston,crn:v1:bluemix:public:quantum-computing:us-east:a/f84b32721d2f4ddfa35b85de7b1230a5:9852b119-18cc-4f58-ac25-2b008a7aeb2f::,
d08db6d3cuts738vsasg,db63c215-1b60-4c11-a3df-df878b274514,Completed,,2025-04-29T13:35:21.825265Z,16,estimator,ibm_kingston,crn:v1:bluemix:public:quantum-computing:us-east:a/f84b32721d2f4ddfa35b85de7b1230a5:9852b119-18cc-4f58-ac25-2b008a7aeb2f::,
d08db15h8bbs73ef2gf0,db63c215-1b60-4c11-a3df-df878b274514,Completed,,2025-04-29T13:35:00.554152Z,16,estimator,ibm_kingston,crn:v1:bluemix:public:quantum-computing:us-east:a/f84b32721d2f4ddfa35b85de7b1230a5:9852b119-18cc-4f58-ac25-2b008a7aeb2f::,
d08dartmaohc73eaavog,db63c215-1b60-4c11-a3df-df878b274514,Completed,,2025-04-29T13:34:39.684639Z,16,estimator,ibm_kingston,crn:v1:bluemix:public:quantum-computing:us-east:a/f84b32721d2f4ddfa35b85de7b1230a5:9852b119-18cc-4f58-ac25-2b008a7aeb2f::,
d08damlmaohc73eaavj0,db63c215-1b60-4c11-a3df-df878b274514,Completed,,2025-04-29T13:34:18.687027Z,16,estimator,ibm_kingston,crn:v1:bluemix:public:quantum-computing:us-east:a/f84b32721d2f4ddfa35b85de7b1230a5:9852b119-18cc-4f58-ac25-2b008a7aeb2f::,
d08dahekt09s73d258eg,db63c215-1b60-4c11-a3df-df878b274514,Completed,,2025-04-29T13:33:57.9517Z,16,estimator,ibm_kingston,crn:v1:bluemix:public:quantum-computing:us-east:a/f84b32721d2f4ddfa35b85de7b1230a5:9852b119-18cc-4f58-ac25-2b008a7aeb2f::,
d08dac5maohc73eaav90,db63c215-1b60-4c11-a3df-df878b274514,Completed,,2025-04-29T13:33:36.469592Z,16,estimator,ibm_kingston,crn:v1:bluemix:public:quantum-computing:us-east:a/f84b32721d2f4ddfa35b85de7b1230a5:9852b119-18cc-4f58-ac25-2b008a7aeb2f::,
d08da6th8bbs73ef2fm0,db63c215-1b60-4c11-a3df-df878b274514,Completed,,2025-04-29T13:33:15.70919Z,16,estimator,ibm_kingston,crn:v1:bluemix:public:quantum-computing:us-east:a/f84b32721d2f4ddfa35b85de7b1230a5:9852b119-18cc-4f58-ac25-2b008a7aeb2f::,
d08da1lmaohc73eaaurg,db63c215-1b60-4c11-a3df-df878b274514,Completed,,2025-04-29T13:32:54.80461Z,16,estimator,ibm_kingston,crn:v1:bluemix:public:quantum-computing:us-east:a/f84b32721d2f4ddfa35b85de7b1230a5:9852b119-18cc-4f58-ac25-2b008a7aeb2f::,
d08d9sdmaohc73eaauk0,db63c215-1b60-4c11-a3df-df878b274514,Completed,,2025-04-29T13:32:33.469564Z,16,estimator,ibm_kingston,crn:v1:bluemix:public:quantum-computing:us-east:a/f84b32721d2f4ddfa35b85de7b1230a5:9852b119-18cc-4f58-ac25-2b008a7aeb2f::,
d08d9n5h8bbs73ef2ev0,db63c215-1b60-4c11-a3df-df878b274514,Completed,,2025-04-29T13:32:12.647488Z,16,estimator,ibm_kingston,crn:v1:bluemix:public:quantum-computing:us-east:a/f84b32721d2f4ddfa35b85de7b1230a5:9852b119-18cc-4f58-ac25-2b008a7aeb2f::,
d08d9htmaohc73eaau3g,db63c215-1b60-4c11-a3df-df878b274514,Completed,,2025-04-29T13:31:51.676493Z,16,estimator,ibm_kingston,crn:v1:bluemix:public:quantum-computing:us-east:a/f84b32721d2f4ddfa35b85de7b1230a5:9852b119-18cc-4f58-ac25-2b008a7aeb2f::,
d08d9cl3cuts738vs8u0,db63c215-1b60-4c11-a3df-df878b274514,Completed,,2025-04-29T13:31:30.868877Z,16,estimator,ibm_kingston,crn:v1:bluemix:public:quantum-computing:us-east:a/f84b32721d2f4ddfa35b85de7b1230a5:9852b119-18cc-4f58-ac25-2b008a7aeb2f::,
d08d97d3cuts738vs8m0,db63c215-1b60-4c11-a3df-df878b274514,Completed,,2025-04-29T13:31:09.624078Z,16,estimator,ibm_kingston,crn:v1:bluemix:public:quantum-computing:us-east:a/f84b32721d2f4ddfa35b85de7b1230a5:9852b119-18cc-4f58-ac25-2b008a7aeb2f::,
d08d926kt09s73d256ig,db63c215-1b60-4c11-a3df-df878b274514,Completed,,2025-04-29T13:30:48.34862Z,16,estimator,ibm_kingston,crn:v1:bluemix:public:quantum-computing:us-east:a/f84b32721d2f4ddfa35b85de7b1230a5:9852b119-18cc-4f58-ac25-2b008a7aeb2f::,
d08d8slmaohc73eaat30,db63c215-1b60-4c11-a3df-df878b274514,Completed,,2025-04-29T13:30:26.20583Z,16,estimator,ibm_kingston,crn:v1:bluemix:public:quantum-computing:us-east:a/f84b32721d2f4ddfa35b85de7b1230a5:9852b119-18cc-4f58-ac25-2b008a7aeb2f::,
d08d8n5maohc73eaasrg,db63c215-1b60-4c11-a3df-df878b274514,Completed,,2025-04-29T13:30:04.892952Z,16,estimator,ibm_kingston,crn:v1:bluemix:public:quantum-computing:us-east:a/f84b32721d2f4ddfa35b85de7b1230a5:9852b119-18cc-4f58-ac25-2b008a7aeb2f::,
d08d8htmaohc73eaasi0,db63c215-1b60-4c11-a3df-df878b274514,Completed,,2025-04-29T13:29:43.336802Z,16,estimator,ibm_kingston,crn:v1:bluemix:public:quantum-computing:us-east:a/f84b32721d2f4ddfa35b85de7b1230a5:9852b119-18cc-4f58-ac25-2b008a7aeb2f::,
d08d8cmkt09s73d255l0,db63c215-1b60-4c11-a3df-df878b274514,Completed,,2025-04-29T13:29:22.344528Z,16,estimator,ibm_kingston,crn:v1:bluemix:public:quantum-computing:us-east:a/f84b32721d2f4ddfa35b85de7b1230a5:9852b119-18cc-4f58-ac25-2b008a7aeb2f::,
d08d86ukt09s73d255dg,db63c215-1b60-4c11-a3df-df878b274514,Completed,,2025-04-29T13:28:59.871966Z,16,estimator,ibm_kingston,crn:v1:bluemix:public:quantum-computing:us-east:a/f84b32721d2f4ddfa35b85de7b1230a5:9852b119-18cc-4f58-ac25-2b008a7aeb2f::,
d08d81mkt09s73d2555g,db63c215-1b60-4c11-a3df-df878b274514,Completed,,2025-04-29T13:28:38.7575Z,16,estimator,ibm_kingston,crn:v1:bluemix:public:quantum-computing:us-east:a/f84b32721d2f4ddfa35b85de7b1230a5:9852b119-18cc-4f58-ac25-2b008a7aeb2f::,
d08d7sdmaohc73eaarg0,db63c215-1b60-4c11-a3df-df878b274514,Completed,,2025-04-29T13:28:17.977537Z,16,estimator,ibm_kingston,crn:v1:bluemix:public:quantum-computing:us-east:a/f84b32721d2f4ddfa35b85de7b1230a5:9852b119-18cc-4f58-ac25-2b008a7aeb2f::,
d08d7n6kt09s73d254m0,db63c215-1b60-4c11-a3df-df878b274514,Completed,,2025-04-29T13:27:56.842668Z,16,estimator,ibm_kingston,crn:v1:bluemix:public:quantum-computing:us-east:a/f84b32721d2f4ddfa35b85de7b1230a5:9852b119-18cc-4f58-ac25-2b008a7aeb2f::,
d08d7hth8bbs73ef2bqg,db63c215-1b60-4c11-a3df-df878b274514,Completed,,2025-04-29T13:27:35.808316Z,16,estimator,ibm_kingston,crn:v1:bluemix:public:quantum-computing:us-east:a/f84b32721d2f4ddfa35b85de7b1230a5:9852b119-18cc-4f58-ac25-2b008a7aeb2f::,
d08d7cmkt09s73d25490,db63c215-1b60-4c11-a3df-df878b274514,Completed,,2025-04-29T13:27:14.991833Z,16,estimator,ibm_kingston,crn:v1:bluemix:public:quantum-computing:us-east:a/f84b32721d2f4ddfa35b85de7b1230a5:9852b119-18cc-4f58-ac25-2b008a7aeb2f::,
d08d77dmaohc73eaaqk0,db63c215-1b60-4c11-a3df-df878b274514,Completed,,2025-04-29T13:26:53.870818Z,16,estimator,ibm_kingston,crn:v1:bluemix:public:quantum-computing:us-east:a/f84b32721d2f4ddfa35b85de7b1230a5:9852b119-18cc-4f58-ac25-2b008a7aeb2f::,
d08d72ekt09s73d253r0,db63c215-1b60-4c11-a3df-df878b274514,Completed,,2025-04-29T13:26:33.091722Z,16,estimator,ibm_kingston,crn:v1:bluemix:public:quantum-computing:us-east:a/f84b32721d2f4ddfa35b85de7b1230a5:9852b119-18cc-4f58-ac25-2b008a7aeb2f::,
d08d6sukt09s73d253j0,db63c215-1b60-4c11-a3df-df878b274514,Completed,,2025-04-29T13:26:11.926424Z,16,estimator,ibm_kingston,crn:v1:bluemix:public:quantum-computing:us-east:a/f84b32721d2f4ddfa35b85de7b1230a5:9852b119-18cc-4f58-ac25-2b008a7aeb2f::,
d08d6nmkt09s73d253b0,db63c215-1b60-4c11-a3df-df878b274514,Completed,,2025-04-29T13:25:51.048395Z,16,estimator,ibm_kingston,crn:v1:bluemix:public:quantum-computing:us-east:a/f84b32721d2f4ddfa35b85de7b1230a5:9852b119-18cc-4f58-ac25-2b008a7aeb2f::,
d08d6id3cuts738vs4vg,db63c215-1b60-4c11-a3df-df878b274514,Completed,,2025-04-29T13:25:29.54946Z,16,estimator,ibm_kingston,crn:v1:bluemix:public:quantum-computing:us-east:a/f84b32721d2f4ddfa35b85de7b1230a5:9852b119-18cc-4f58-ac25-2b008a7aeb2f::,
d08d6d53cuts738vs4pg,db63c215-1b60-4c11-a3df-df878b274514,Completed,,2025-04-29T13:25:08.54166Z,16,estimator,ibm_kingston,crn:v1:bluemix:public:quantum-computing:us-east:a/f84b32721d2f4ddfa35b85de7b1230a5:9852b119-18cc-4f58-ac25-2b008a7aeb2f::,
d08d61t3cuts738vs4ag,db63c215-1b60-4c11-a3df-df878b274514,Completed,,2025-04-29T13:24:23.210463Z,16,estimator,ibm_kingston,crn:v1:bluemix:public:quantum-computing:us-east:a/f84b32721d2f4ddfa35b85de7b1230a5:9852b119-18cc-4f58-ac25-2b008a7aeb2f::,
d08d5slh8bbs73ef29e0,db63c215-1b60-4c11-a3df-df878b274514,Completed,,2025-04-29T13:24:02.099362Z,16,estimator,ibm_kingston,crn:v1:bluemix:public:quantum-computing:us-east:a/f84b32721d2f4ddfa35b85de7b1230a5:9852b119-18cc-4f58-ac25-2b008a7aeb2f::,
d08d5n53cuts738vs3rg,db63c215-1b60-4c11-a3df-df878b274514,Completed,,2025-04-29T13:23:40.992529Z,16,estimator,ibm_kingston,crn:v1:bluemix:public:quantum-computing:us-east:a/f84b32721d2f4ddfa35b85de7b1230a5:9852b119-18cc-4f58-ac25-2b008a7aeb2f::,
d08d5i6kt09s73d251m0,db63c215-1b60-4c11-a3df-df878b274514,Completed,,2025-04-29T13:23:20.181624Z,16,estimator,ibm_kingston,crn:v1:bluemix:public:quantum-computing:us-east:a/f84b32721d2f4ddfa35b85de7b1230a5:9852b119-18cc-4f58-ac25-2b008a7aeb2f::,
d08d5clh8bbs73ef28mg,db63c215-1b60-4c11-a3df-df878b274514,Completed,,2025-04-29T13:22:58.950132Z,16,estimator,ibm_kingston,crn:v1:bluemix:public:quantum-computing:us-east:a/f84b32721d2f4ddfa35b85de7b1230a5:9852b119-18cc-4f58-ac25-2b008a7aeb2f::,
d08d57ekt09s73d25180,db63c215-1b60-4c11-a3df-df878b274514,Completed,,2025-04-29T13:22:37.922005Z,16,estimator,ibm_kingston,crn:v1:bluemix:public:quantum-computing:us-east:a/f84b32721d2f4ddfa35b85de7b1230a5:9852b119-18cc-4f58-ac25-2b008a7aeb2f::,
d08d525h8bbs73ef287g,db63c215-1b60-4c11-a3df-df878b274514,Completed,,2025-04-29T13:22:16.805102Z,16,estimator,ibm_kingston,crn:v1:bluemix:public:quantum-computing:us-east:a/f84b32721d2f4ddfa35b85de7b1230a5:9852b119-18cc-4f58-ac25-2b008a7aeb2f::,
d08d4stmaohc73eaanag,db63c215-1b60-4c11-a3df-df878b274514,Completed,,2025-04-29T13:21:55.490367Z,16,estimator,ibm_kingston,crn:v1:bluemix:public:quantum-computing:us-east:a/f84b32721d2f4ddfa35b85de7b1230a5:9852b119-18cc-4f58-ac25-2b008a7aeb2f::,
d08d4nmkt09s73d250k0,db63c215-1b60-4c11-a3df-df878b274514,Completed,,2025-04-29T13:21:34.555954Z,16,estimator,ibm_kingston,crn:v1:bluemix:public:quantum-computing:us-east:a/f84b32721d2f4ddfa35b85de7b1230a5:9852b119-18cc-4f58-ac25-2b008a7aeb2f::,
d08d4iekt09s73d250ag,db63c215-1b60-4c11-a3df-df878b274514,Completed,,2025-04-29T13:21:13.777163Z,16,estimator,ibm_kingston,crn:v1:bluemix:public:quantum-computing:us-east:a/f84b32721d2f4ddfa35b85de7b1230a5:9852b119-18cc-4f58-ac25-2b008a7aeb2f::,
d08d4d53cuts738vs24g,db63c215-1b60-4c11-a3df-df878b274514,Completed,,2025-04-29T13:20:52.754557Z,16,estimator,ibm_kingston,crn:v1:bluemix:public:quantum-computing:us-east:a/f84b32721d2f4ddfa35b85de7b1230a5:9852b119-18cc-4f58-ac25-2b008a7aeb2f::,
d08d47t3cuts738vs1tg,db63c215-1b60-4c11-a3df-df878b274514,Completed,,2025-04-29T13:20:31.785112Z,16,estimator,ibm_kingston,crn:v1:bluemix:public:quantum-computing:us-east:a/f84b32721d2f4ddfa35b85de7b1230a5:9852b119-18cc-4f58-ac25-2b008a7aeb2f::,
d08d42l3cuts738vs1l0,db63c215-1b60-4c11-a3df-df878b274514,Completed,,2025-04-29T13:20:10.415077Z,16,estimator,ibm_kingston,crn:v1:bluemix:public:quantum-computing:us-east:a/f84b32721d2f4ddfa35b85de7b1230a5:9852b119-18cc-4f58-ac25-2b008a7aeb2f::,
d08d3tdmaohc73eaalrg,db63c215-1b60-4c11-a3df-df878b274514,Completed,,2025-04-29T13:19:49.399629Z,16,estimator,ibm_kingston,crn:v1:bluemix:public:quantum-computing:us-east:a/f84b32721d2f4ddfa35b85de7b1230a5:9852b119-18cc-4f58-ac25-2b008a7aeb2f::,
d08d3o53cuts738vs14g,db63c215-1b60-4c11-a3df-df878b274514,Completed,,2025-04-29T13:19:28.384939Z,16,estimator,ibm_kingston,crn:v1:bluemix:public:quantum-computing:us-east:a/f84b32721d2f4ddfa35b85de7b1230a5:9852b119-18cc-4f58-ac25-2b008a7aeb2f::,
d08d3il3cuts738vs0u0,db63c215-1b60-4c11-a3df-df878b274514,Completed,,2025-04-29T13:19:06.570167Z,16,estimator,ibm_kingston,crn:v1:bluemix:public:quantum-computing:us-east:a/f84b32721d2f4ddfa35b85de7b1230a5:9852b119-18cc-4f58-ac25-2b008a7aeb2f::,
d08d3ddh8bbs73ef260g,db63c215-1b60-4c11-a3df-df878b274514,Completed,,2025-04-29T13:18:45.165798Z,16,estimator,ibm_kingston,crn:v1:bluemix:public:quantum-computing:us-east:a/f84b32721d2f4ddfa35b85de7b1230a5:9852b119-18cc-4f58-ac25-2b008a7aeb2f::,
d08d37t3cuts738vs0k0,db63c215-1b60-4c11-a3df-df878b274514,Completed,,2025-04-29T13:18:23.656115Z,16,estimator,ibm_kingston,crn:v1:bluemix:public:quantum-computing:us-east:a/f84b32721d2f4ddfa35b85de7b1230a5:9852b119-18cc-4f58-ac25-2b008a7aeb2f::,
d08d31tmaohc73eaaku0,db63c215-1b60-4c11-a3df-df878b274514,Completed,,2025-04-29T13:18:00.043757Z,16,estimator,ibm_kingston,crn:v1:bluemix:public:quantum-computing:us-east:a/f84b32721d2f4ddfa35b85de7b1230a5:9852b119-18cc-4f58-ac25-2b008a7aeb2f::,
d08d2smkt09s73d24uag,db63c215-1b60-4c11-a3df-df878b274514,Completed,,2025-04-29T13:17:38.567936Z,16,estimator,ibm_kingston,crn:v1:bluemix:public:quantum-computing:us-east:a/f84b32721d2f4ddfa35b85de7b1230a5:9852b119-18cc-4f58-ac25-2b008a7aeb2f::,
d08d2nekt09s73d24u40,db63c215-1b60-4c11-a3df-df878b274514,Completed,,2025-04-29T13:17:17.285865Z,16,estimator,ibm_kingston,crn:v1:bluemix:public:quantum-computing:us-east:a/f84b32721d2f4ddfa35b85de7b1230a5:9852b119-18cc-4f58-ac25-2b008a7aeb2f::,
d08d2i5maohc73eaakd0,db63c215-1b60-4c11-a3df-df878b274514,Completed,,2025-04-29T13:16:56.48365Z,16,estimator,ibm_kingston,crn:v1:bluemix:public:quantum-computing:us-east:a/f84b32721d2f4ddfa35b85de7b1230a5:9852b119-18cc-4f58-ac25-2b008a7aeb2f::,
d08d2cth8bbs73ef2500,db63c215-1b60-4c11-a3df-df878b274514,Completed,,2025-04-29T13:16:35.532265Z,16,estimator,ibm_kingston,crn:v1:bluemix:public:quantum-computing:us-east:a/f84b32721d2f4ddfa35b85de7b1230a5:9852b119-18cc-4f58-ac25-2b008a7aeb2f::,
d08d27l3cuts738vrvk0,db63c215-1b60-4c11-a3df-df878b274514,Completed,,2025-04-29T13:16:14.607284Z,16,estimator,ibm_kingston,crn:v1:bluemix:public:quantum-computing:us-east:a/f84b32721d2f4ddfa35b85de7b1230a5:9852b119-18cc-4f58-ac25-2b008a7aeb2f::,
d08d21t3cuts738vrvd0,db63c215-1b60-4c11-a3df-df878b274514,Completed,,2025-04-29T13:15:51.969697Z,16,estimator,ibm_kingston,crn:v1:bluemix:public:quantum-computing:us-east:a/f84b32721d2f4ddfa35b85de7b1230a5:9852b119-18cc-4f58-ac25-2b008a7aeb2f::,
d08d1sukt09s73d24t80,db63c215-1b60-4c11-a3df-df878b274514,Completed,,2025-04-29T13:15:31.142097Z,16,estimator,ibm_kingston,crn:v1:bluemix:public:quantum-computing:us-east:a/f84b32721d2f4ddfa35b85de7b1230a5:9852b119-18cc-4f58-ac25-2b008a7aeb2f::,
d08d1nekt09s73d24t2g,db63c215-1b60-4c11-a3df-df878b274514,Completed,,2025-04-29T13:15:09.896925Z,16,estimator,ibm_kingston,crn:v1:bluemix:public:quantum-computing:us-east:a/f84b32721d2f4ddfa35b85de7b1230a5:9852b119-18cc-4f58-ac25-2b008a7aeb2f::,
d08d1i5maohc73eaajcg,db63c215-1b60-4c11-a3df-df878b274514,Completed,,2025-04-29T13:14:48.740554Z,16,estimator,ibm_kingston,crn:v1:bluemix:public:quantum-computing:us-east:a/f84b32721d2f4ddfa35b85de7b1230a5:9852b119-18cc-4f58-ac25-2b008a7aeb2f::,
d08d1ct3cuts738vrum0,db63c215-1b60-4c11-a3df-df878b274514,Completed,,2025-04-29T13:14:27.843512Z,16,estimator,ibm_kingston,crn:v1:bluemix:public:quantum-computing:us-east:a/f84b32721d2f4ddfa35b85de7b1230a5:9852b119-18cc-4f58-ac25-2b008a7aeb2f::,
d08d17lmaohc73eaaiug,db63c215-1b60-4c11-a3df-df878b274514,Completed,,2025-04-29T13:14:06.605489Z,16,estimator,ibm_kingston,crn:v1:bluemix:public:quantum-computing:us-east:a/f84b32721d2f4ddfa35b85de7b1230a5:9852b119-18cc-4f58-ac25-2b008a7aeb2f::,
d08d12dh8bbs73ef23ig,db63c215-1b60-4c11-a3df-df878b274514,Completed,,2025-04-29T13:13:45.761809Z,16,estimator,ibm_kingston,crn:v1:bluemix:public:quantum-computing:us-east:a/f84b32721d2f4ddfa35b85de7b1230a5:9852b119-18cc-4f58-ac25-2b008a7aeb2f::,
d08d0t53cuts738vru6g,db63c215-1b60-4c11-a3df-df878b274514,Completed,,2025-04-29T13:13:24.379798Z,16,estimator,ibm_kingston,crn:v1:bluemix:public:quantum-computing:us-east:a/f84b32721d2f4ddfa35b85de7b1230a5:9852b119-18cc-4f58-ac25-2b008a7aeb2f::,
d08d0ntmaohc73eaaieg,db63c215-1b60-4c11-a3df-df878b274514,Completed,,2025-04-29T13:13:03.229662Z,16,estimator,ibm_kingston,crn:v1:bluemix:public:quantum-computing:us-east:a/f84b32721d2f4ddfa35b85de7b1230a5:9852b119-18cc-4f58-ac25-2b008a7aeb2f::,
d08d0id3cuts738vrts0,db63c215-1b60-4c11-a3df-df878b274514,Completed,,2025-04-29T13:12:41.254873Z,16,estimator,ibm_kingston,crn:v1:bluemix:public:quantum-computing:us-east:a/f84b32721d2f4ddfa35b85de7b1230a5:9852b119-18cc-4f58-ac25-2b008a7aeb2f::,
d08d0cth8bbs73ef22r0,db63c215-1b60-4c11-a3df-df878b274514,Completed,,2025-04-29T13:12:20.037006Z,16,estimator,ibm_kingston,crn:v1:bluemix:public:quantum-computing:us-east:a/f84b32721d2f4ddfa35b85de7b1230a5:9852b119-18cc-4f58-ac25-2b008a7aeb2f::,
d08d07mkt09s73d24rbg,db63c215-1b60-4c11-a3df-df878b274514,Completed,,2025-04-29T13:11:58.193671Z,16,estimator,ibm_kingston,crn:v1:bluemix:public:quantum-computing:us-east:a/f84b32721d2f4ddfa35b85de7b1230a5:9852b119-18cc-4f58-ac25-2b008a7aeb2f::,
d08d00lmaohc73eaahmg,db63c215-1b60-4c11-a3df-df878b274514,Completed,,2025-04-29T13:11:30.868167Z,22,estimator,ibm_kingston,crn:v1:bluemix:public:quantum-computing:us-east:a/f84b32721d2f4ddfa35b85de7b1230a5:9852b119-18cc-4f58-ac25-2b008a7aeb2f::,
d08cvr5h8bbs73ef2240,db63c215-1b60-4c11-a3df-df878b274514,Completed,,2025-04-29T13:11:08.785185Z,16,estimator,ibm_kingston,crn:v1:bluemix:public:quantum-computing:us-east:a/f84b32721d2f4ddfa35b85de7b1230a5:9852b119-18cc-4f58-ac25-2b008a7aeb2f::,
d08cvlukt09s73d24ql0,db63c215-1b60-4c11-a3df-df878b274514,Completed,,2025-04-29T13:10:47.771454Z,16,estimator,ibm_kingston,crn:v1:bluemix:public:quantum-computing:us-east:a/f84b32721d2f4ddfa35b85de7b1230a5:9852b119-18cc-4f58-ac25-2b008a7aeb2f::,
d08cvgmkt09s73d24qe0,db63c215-1b60-4c11-a3df-df878b274514,Completed,,2025-04-29T13:10:26.413238Z,16,estimator,ibm_kingston,crn:v1:bluemix:public:quantum-computing:us-east:a/f84b32721d2f4ddfa35b85de7b1230a5:9852b119-18cc-4f58-ac25-2b008a7aeb2f::,
d08cvath8bbs73ef21gg,db63c215-1b60-4c11-a3df-df878b274514,Completed,,2025-04-29T13:10:03.306859Z,16,estimator,ibm_kingston,crn:v1:bluemix:public:quantum-computing:us-east:a/f84b32721d2f4ddfa35b85de7b1230a5:9852b119-18cc-4f58-ac25-2b008a7aeb2f::,
d08cv5dmaohc73eaagl0,db63c215-1b60-4c11-a3df-df878b274514,Completed,,2025-04-29T13:09:41.300614Z,16,estimator,ibm_kingston,crn:v1:bluemix:public:quantum-computing:us-east:a/f84b32721d2f4ddfa35b85de7b1230a5:9852b119-18cc-4f58-ac25-2b008a7aeb2f::,
d08cuvukt09s73d24po0,db63c215-1b60-4c11-a3df-df878b274514,Completed,,2025-04-29T13:09:19.466677Z,16,estimator,ibm_kingston,crn:v1:bluemix:public:quantum-computing:us-east:a/f84b32721d2f4ddfa35b85de7b1230a5:9852b119-18cc-4f58-ac25-2b008a7aeb2f::,
d08cuo6kt09s73d24pcg,db63c215-1b60-4c11-a3df-df878b274514,Completed,,2025-04-29T13:08:48.127574Z,18,estimator,ibm_kingston,crn:v1:bluemix:public:quantum-computing:us-east:a/f84b32721d2f4ddfa35b85de7b1230a5:9852b119-18cc-4f58-ac25-2b008a7aeb2f::,